[Licensing::Module] Trying to connect to existing licensing client channel...
[Licensing::IpcConnector] Successfully connected to: "LicenseClient-Geir Gundersen" at "2026-09-29T13:03:09.5688634Z"
Built from '6000.3/staging' branch; Version is '6000.3.10f1 (e35f0c77bd8e) revision 14901004'; Using compiler version '194234433'; Build Type 'Release'
OS: 'Windows 11  (10.0.26200) Core' Language: 'no' Physical Memory: 15752 MB
BatchMode: 1, IsHumanControllingUs: 0, StartBugReporterOnCrash: 0, Is64bit: 1
System  architecture: x64
Process architecture: x64
Date: 2026-09-29T13:03:09Z
[Licensing::Client] Code 10 while verifying Licensing Client signature (process Id: 26612, path: "C:/Program Files/WindowsApps/UnityTechnologies.UnityHub_3.21.3.65535_x64__2vrhnee42bhxm/app/UnityLicensingClient_V1/Unity.Licensing.Client.exe")
[Licensing::Module] LicensingClient has failed validation; ignoring
[Licensing::Client] Handshaking with LicensingClient:
  Version:                 1.18.3+d7ffd15
  Session Id:              16914225b49548eb922a878a052522df
  Correlation Id:          762506f7c03d8776afc0c2dd2edec36c
  External correlation Id: 8286857170069505520
  Machine Id:              EC69ytPYsLr2AB+dgeNk6DDjo9k=
[Licensing::Module] Successfully connected to LicensingClient on channel: "LicenseClient-Geir Gundersen" (connect: 0.00s, validation: 0.01s, handshake: 0.38s)
[Licensing::IpcConnector] Successfully connected to: "LicenseClient-Geir Gundersen-notifications" at "2026-09-29T13:03:09.960756Z"
[Licensing::Module] Error: Access token is unavailable; failed to update
[Licensing::Client] Successfully resolved entitlement details
[Licensing::Module] License group:
  Id: 5774129957188-UnityPersXXXX
  Product: Unity Personal
  Type: Assigned
  Expiration: Unlimited
[Licensing::Client] Successfully updated license, isAsync: True, time: 0.02
[Licensing::Client] Successfully resolved entitlement details
[Licensing::Module] Licensing Background thread has ended after 0.44s

COMMAND LINE ARGUMENTS:
C:\Unity\6000.3.10f1\Editor\Unity.exe
-batchmode
-nographics
-quit
-logFile
D:\source\AshProtocol\_setup\unity-probe2.log
D:/source/AshProtocol
[UnityMemory] Configuration Parameters - Can be set up in boot.config
    "memorysetup-temp-allocator-size-nav-mesh-worker=65536"
    "memorysetup-temp-allocator-size-audio-worker=65536"
    "memorysetup-temp-allocator-size-gfx=262144"
    "memorysetup-allocator-temp-initial-block-size-main=262144"
    "memorysetup-allocator-temp-initial-block-size-worker=262144"
    "memorysetup-temp-allocator-size-background-worker=32768"
    "memorysetup-temp-allocator-size-job-worker=262144"
    "memorysetup-temp-allocator-size-preload-manager=33554432"
    "memorysetup-temp-allocator-size-gi-baking-worker=262144"
    "memorysetup-temp-allocator-size-gi-baking-worker=262144"
    "memorysetup-temp-allocator-size-gi-baking-worker=262144"
    "memorysetup-temp-allocator-size-gi-baking-worker=262144"
    "memorysetup-temp-allocator-size-gi-baking-worker=262144"
    "memorysetup-bucket-allocator-granularity=16"
    "memorysetup-bucket-allocator-bucket-count=8"
    "memorysetup-bucket-allocator-block-size=33554432"
    "memorysetup-bucket-allocator-block-count=8"
    "memorysetup-main-allocator-block-size=16777216"
    "memorysetup-thread-allocator-block-size=16777216"
    "memorysetup-gfx-main-allocator-block-size=16777216"
    "memorysetup-gfx-thread-allocator-block-size=16777216"
    "memorysetup-cache-allocator-block-size=4194304"
    "memorysetup-typetree-allocator-block-size=2097152"
    "memorysetup-profiler-bucket-allocator-granularity=16"
    "memorysetup-profiler-bucket-allocator-bucket-count=8"
    "memorysetup-profiler-bucket-allocator-block-size=33554432"
    "memorysetup-profiler-bucket-allocator-block-count=8"
    "memorysetup-profiler-allocator-block-size=16777216"
    "memorysetup-profiler-editor-allocator-block-size=1048576"
    "memorysetup-temp-allocator-size-main=16777216"
    "memorysetup-job-temp-allocator-block-size=2097152"
    "memorysetup-job-temp-allocator-block-size-background=1048576"
    "memorysetup-job-temp-allocator-reduction-small-platforms=262144"
    "memorysetup-temp-allocator-size-cloud-worker=32768"
Player connection [29432]  Target information:

Player connection [29432]  * "[IP] 10.123.32.30 [Port] 55504 [Flags] 2 [Guid] 1519321545 [EditorId] 1519321545 [Version] 1048832 [Id] WindowsEditor(7,smoother) [Debug] 1 [PackageName] WindowsEditor [ProjectName] Editor" 

Player connection [29432] Host joined multi-casting on [225.0.0.222:54997]...
Player connection [29432] Host joined alternative multi-casting on [225.0.0.222:34997]...
Input System module state changed to: Initialized.
[Physics::Module] Initialized fallback backend.
[Physics::Module] Id: 0xdecafbad
[Package Manager] Connected to IPC stream "Upm-31344" after 0.7 seconds.
[Licensing::Client] Successfully resolved entitlement details
Library Redirect Path: Library/
Rebuilding Library because the asset database could not be found!
[Physics::Module] Selected backend.
[Physics::Module] Name: PhysX
[Physics::Module] Id: 0xf2b8ea05
[Physics::Module] SDK Version: 4.1.2
[Physics::Module] Integration Version: 1.0.0
[Physics::Module] Threading Mode: Multi-Threaded
Refreshing native plugins compatible for Editor in 0.00 ms, found 0 plugins.
Preloading 0 native plugins for Editor in 0.01 ms.
Initialize engine version: 6000.3.10f1 (e35f0c77bd8e)
[Subsystems] Discovering subsystems at path C:/Unity/6000.3.10f1/Editor/Data/Resources/UnitySubsystems
[Subsystems] Discovering subsystems at path D:/source/AshProtocol/Assets
Forcing GfxDevice: Null
GfxDevice: creating device client; kGfxThreadingModeNonThreaded
NullGfxDevice:
    Version:  NULL 1.0 [1.0]
    Renderer: Null Device
    Vendor:   Unity Technologies
Initialize mono
Mono path[0] = 'C:/Unity/6000.3.10f1/Editor/Data/Managed'
Mono path[1] = 'C:/Unity/6000.3.10f1/Editor/Data/MonoBleedingEdge/lib/mono/unityjit-win32'
Mono config path = 'C:/Unity/6000.3.10f1/Editor/Data/MonoBleedingEdge/etc'
Using monoOptions --debugger-agent=transport=dt_socket,embedding=1,server=y,suspend=n,address=127.0.0.1:56344
Using cacheserver namespaces - metadata:defaultmetadata, artifacts:defaultartifacts
Using cacheserver namespaces - metadata:defaultmetadata, artifacts:defaultartifacts
ImportWorker Server TCP listen port: 0
AcceleratorClientConnectionCallback - disconnected - :0
Begin MonoManager ReloadAssembly
Registering precompiled unity dll's ...
Register platform support module: C:/Unity/6000.3.10f1/Editor/Data/PlaybackEngines/WindowsStandaloneSupport/UnityEditor.WindowsStandalone.Extensions.dll
Registered in 0.252434 seconds.
- Loaded All Assemblies, in 19.888 seconds
Native extension for WindowsStandalone target not found
ScheduleIndexationOnStartup MainProcess:False IndexOnStartup:False
Mono: successfully reloaded assembly
- Finished resetting the current domain, in  0.898 seconds
Domain Reload Profiling: 20782ms
	BeginReloadAssembly (16120ms)
		ExecutionOrderSort (0ms)
		DisableScriptedObjects (0ms)
		BackupInstance (0ms)
		ReleaseScriptingObjects (0ms)
		CreateAndSetChildDomain (42ms)
	RebuildCommonClasses (1254ms)
	RebuildNativeTypeToScriptingClass (21ms)
	initialDomainReloadingComplete (343ms)
	LoadAllAssembliesAndSetupDomain (2145ms)
		LoadAssemblies (16065ms)
		RebuildTransferFunctionScriptingTraits (0ms)
		AnalyzeDomain (2139ms)
			TypeCache.Refresh (2136ms)
				TypeCache.ScanAssembly (1570ms)
			BuildScriptInfoCaches (0ms)
			ResolveRequiredComponents (1ms)
	FinalizeReload (899ms)
		ReleaseScriptCaches (0ms)
		RebuildScriptCaches (0ms)
		SetupLoadedEditorAssemblies (823ms)
			LogAssemblyErrors (0ms)
			InitializePlatformSupportModulesInManaged (84ms)
			SetLoadedEditorAssemblies (6ms)
			BeforeProcessingInitializeOnLoad (182ms)
			ProcessInitializeOnLoadAttributes (365ms)
			ProcessInitializeOnLoadMethodAttributes (180ms)
			AfterProcessingInitializeOnLoad (0ms)
			EditorAssembliesLoaded (6ms)
		ExecutionOrderSort2 (0ms)
		AwakeInstancesAfterBackupRestoration (0ms)
[Licensing::Client] Successfully resolved entitlement details
Application.AssetDatabase Initial Refresh Start
Package Manager log level set to [2]
[Package Manager] Done resolving packages in 79.21 seconds
[Licensing::Client] Successfully resolved entitlement details
[Package Manager] Registered 61 packages:
  Packages from [https://packages.unity.com]:
    com.unity.addressables@2.11.1 (location: D:\source\AshProtocol\Library\PackageCache\com.unity.addressables@30573728e096)
    com.unity.ai.navigation@2.0.12 (location: D:\source\AshProtocol\Library\PackageCache\com.unity.ai.navigation@734c2c4c5591)
    com.unity.ide.visualstudio@2.0.27 (location: D:\source\AshProtocol\Library\PackageCache\com.unity.ide.visualstudio@dc1ddd4f09b6)
    com.unity.inputsystem@1.18.0 (location: D:\source\AshProtocol\Library\PackageCache\com.unity.inputsystem@57d0e36f6123)
    com.unity.localization@1.5.12 (location: D:\source\AshProtocol\Library\PackageCache\com.unity.localization@b0a588a05f2a)
    com.unity.postprocessing@3.5.4 (location: D:\source\AshProtocol\Library\PackageCache\com.unity.postprocessing@141166b789e3)
    com.unity.timeline@1.8.12 (location: D:\source\AshProtocol\Library\PackageCache\com.unity.timeline@8cd8509afae5)
    com.unity.nuget.newtonsoft-json@3.2.2 (location: D:\source\AshProtocol\Library\PackageCache\com.unity.nuget.newtonsoft-json@4dfd81071c64)
    com.unity.profiling.core@1.0.3 (location: D:\source\AshProtocol\Library\PackageCache\com.unity.profiling.core@8a49f7027d06)
    com.unity.scriptablebuildpipeline@3.0.2 (location: D:\source\AshProtocol\Library\PackageCache\com.unity.scriptablebuildpipeline@a799b7c8b062)
    com.unity.searcher@4.9.4 (location: D:\source\AshProtocol\Library\PackageCache\com.unity.searcher@d45a78918735)
    com.unity.burst@1.8.28 (location: D:\source\AshProtocol\Library\PackageCache\com.unity.burst@07790c2d06d9)
    com.unity.mathematics@1.3.3 (location: D:\source\AshProtocol\Library\PackageCache\com.unity.mathematics@19a9377c4ffa)
    com.unity.collections@2.6.2 (location: D:\source\AshProtocol\Library\PackageCache\com.unity.collections@aea9d3bd5e19)
    com.unity.nuget.mono-cecil@1.11.6 (location: D:\source\AshProtocol\Library\PackageCache\com.unity.nuget.mono-cecil@ecb9724e46ff)
    com.unity.test-framework.performance@3.2.0 (location: D:\source\AshProtocol\Library\PackageCache\com.unity.test-framework.performance@0840f58e4562)
  Built-in packages:
    com.unity.2d.sprite@1.0.0 (location: D:\source\AshProtocol\Library\PackageCache\com.unity.2d.sprite@d14b9d497a24)
    com.unity.multiplayer.center@1.0.1 (location: D:\source\AshProtocol\Library\PackageCache\com.unity.multiplayer.center@f01f4ba8d00a)
    com.unity.render-pipelines.universal@17.3.0 (location: D:\source\AshProtocol\Library\PackageCache\com.unity.render-pipelines.universal@37e0d4fc2503)
    com.unity.test-framework@1.6.0 (location: D:\source\AshProtocol\Library\PackageCache\com.unity.test-framework@0b7a23ab2e1d)
    com.unity.ugui@2.0.0 (location: D:\source\AshProtocol\Library\PackageCache\com.unity.ugui@bb329a87fcdc)
    com.unity.modules.accessibility@1.0.0 (location: D:\source\AshProtocol\Library\PackageCache\com.unity.modules.accessibility)
    com.unity.modules.adaptiveperformance@1.0.0 (location: D:\source\AshProtocol\Library\PackageCache\com.unity.modules.adaptiveperformance)
    com.unity.modules.ai@1.0.0 (location: D:\source\AshProtocol\Library\PackageCache\com.unity.modules.ai)
    com.unity.modules.androidjni@1.0.0 (location: D:\source\AshProtocol\Library\PackageCache\com.unity.modules.androidjni)
    com.unity.modules.animation@1.0.0 (location: D:\source\AshProtocol\Library\PackageCache\com.unity.modules.animation)
    com.unity.modules.assetbundle@1.0.0 (location: D:\source\AshProtocol\Library\PackageCache\com.unity.modules.assetbundle)
    com.unity.modules.audio@1.0.0 (location: D:\source\AshProtocol\Library\PackageCache\com.unity.modules.audio)
    com.unity.modules.cloth@1.0.0 (location: D:\source\AshProtocol\Library\PackageCache\com.unity.modules.cloth)
    com.unity.modules.director@1.0.0 (location: D:\source\AshProtocol\Library\PackageCache\com.unity.modules.director)
    com.unity.modules.imageconversion@1.0.0 (location: D:\source\AshProtocol\Library\PackageCache\com.unity.modules.imageconversion)
    com.unity.modules.imgui@1.0.0 (location: D:\source\AshProtocol\Library\PackageCache\com.unity.modules.imgui)
    com.unity.modules.jsonserialize@1.0.0 (location: D:\source\AshProtocol\Library\PackageCache\com.unity.modules.jsonserialize)
    com.unity.modules.particlesystem@1.0.0 (location: D:\source\AshProtocol\Library\PackageCache\com.unity.modules.particlesystem)
    com.unity.modules.physics@1.0.0 (location: D:\source\AshProtocol\Library\PackageCache\com.unity.modules.physics)
    com.unity.modules.physics2d@1.0.0 (location: D:\source\AshProtocol\Library\PackageCache\com.unity.modules.physics2d)
    com.unity.modules.screencapture@1.0.0 (location: D:\source\AshProtocol\Library\PackageCache\com.unity.modules.screencapture)
    com.unity.modules.terrain@1.0.0 (location: D:\source\AshProtocol\Library\PackageCache\com.unity.modules.terrain)
    com.unity.modules.terrainphysics@1.0.0 (location: D:\source\AshProtocol\Library\PackageCache\com.unity.modules.terrainphysics)
    com.unity.modules.tilemap@1.0.0 (location: D:\source\AshProtocol\Library\PackageCache\com.unity.modules.tilemap)
    com.unity.modules.ui@1.0.0 (location: D:\source\AshProtocol\Library\PackageCache\com.unity.modules.ui)
    com.unity.modules.uielements@1.0.0 (location: D:\source\AshProtocol\Library\PackageCache\com.unity.modules.uielements)
    com.unity.modules.umbra@1.0.0 (location: D:\source\AshProtocol\Library\PackageCache\com.unity.modules.umbra)
    com.unity.modules.unityanalytics@1.0.0 (location: D:\source\AshProtocol\Library\PackageCache\com.unity.modules.unityanalytics)
    com.unity.modules.unitywebrequest@1.0.0 (location: D:\source\AshProtocol\Library\PackageCache\com.unity.modules.unitywebrequest)
    com.unity.modules.unitywebrequestassetbundle@1.0.0 (location: D:\source\AshProtocol\Library\PackageCache\com.unity.modules.unitywebrequestassetbundle)
    com.unity.modules.unitywebrequestaudio@1.0.0 (location: D:\source\AshProtocol\Library\PackageCache\com.unity.modules.unitywebrequestaudio)
    com.unity.modules.unitywebrequesttexture@1.0.0 (location: D:\source\AshProtocol\Library\PackageCache\com.unity.modules.unitywebrequesttexture)
    com.unity.modules.unitywebrequestwww@1.0.0 (location: D:\source\AshProtocol\Library\PackageCache\com.unity.modules.unitywebrequestwww)
    com.unity.modules.vectorgraphics@1.0.0 (location: D:\source\AshProtocol\Library\PackageCache\com.unity.modules.vectorgraphics)
    com.unity.modules.vehicles@1.0.0 (location: D:\source\AshProtocol\Library\PackageCache\com.unity.modules.vehicles)
    com.unity.modules.video@1.0.0 (location: D:\source\AshProtocol\Library\PackageCache\com.unity.modules.video)
    com.unity.modules.vr@1.0.0 (location: D:\source\AshProtocol\Library\PackageCache\com.unity.modules.vr)
    com.unity.modules.wind@1.0.0 (location: D:\source\AshProtocol\Library\PackageCache\com.unity.modules.wind)
    com.unity.modules.xr@1.0.0 (location: D:\source\AshProtocol\Library\PackageCache\com.unity.modules.xr)
    com.unity.modules.subsystems@1.0.0 (location: D:\source\AshProtocol\Library\PackageCache\com.unity.modules.subsystems)
    com.unity.modules.hierarchycore@1.0.0 (location: D:\source\AshProtocol\Library\PackageCache\com.unity.modules.hierarchycore)
    com.unity.ext.nunit@2.0.5 (location: D:\source\AshProtocol\Library\PackageCache\com.unity.ext.nunit@d8c07649098d)
    com.unity.render-pipelines.core@17.3.0 (location: D:\source\AshProtocol\Library\PackageCache\com.unity.render-pipelines.core@04ab0eefa0c3)
    com.unity.shadergraph@17.3.0 (location: D:\source\AshProtocol\Library\PackageCache\com.unity.shadergraph@c8830f61858d)
    com.unity.render-pipelines.universal-config@17.0.3 (location: D:\source\AshProtocol\Library\PackageCache\com.unity.render-pipelines.universal-config@8dc1aab4af1d)
[Subsystems] No new subsystems found in resolved package list.
[Package Manager] Done registering packages in 0.01 seconds
A meta data file (.meta) exists but its folder 'Assets/UMA/Content/Core/HumanFemale/FBX/TPoses' can't be found, and has been created. Empty directories cannot be stored in version control, so it's assumed that the meta data file is for an empty directory in version control. When moving or deleting folders outside of Unity, please ensure that the corresponding .meta file is moved or deleted along with it.
A meta data file (.meta) exists but its folder 'Assets/UMA/Content/Core/HumanFemale/Materials' can't be found, and has been created. Empty directories cannot be stored in version control, so it's assumed that the meta data file is for an empty directory in version control. When moving or deleting folders outside of Unity, please ensure that the corresponding .meta file is moved or deleted along with it.
A meta data file (.meta) exists but its folder 'Assets/UMA/Content/Core/HumanFemale/Recipes/Base Recipes/Legacy' can't be found, and has been created. Empty directories cannot be stored in version control, so it's assumed that the meta data file is for an empty directory in version control. When moving or deleting folders outside of Unity, please ensure that the corresponding .meta file is moved or deleted along with it.
A meta data file (.meta) exists but its folder 'Assets/UMA/Content/Core/HumanMale/Recipes/BaseRecipes/Legacy' can't be found, and has been created. Empty directories cannot be stored in version control, so it's assumed that the meta data file is for an empty directory in version control. When moving or deleting folders outside of Unity, please ensure that the corresponding .meta file is moved or deleted along with it.
A meta data file (.meta) exists but its folder 'Assets/UMA/Content/UMA_Examples/Animators/Materials' can't be found, and has been created. Empty directories cannot be stored in version control, so it's assumed that the meta data file is for an empty directory in version control. When moving or deleting folders outside of Unity, please ensure that the corresponding .meta file is moved or deleted along with it.
A meta data file (.meta) exists but its asset 'Assets/UMA/Core/Editor/Scripts/UMAEditorUtilities-20240805210130.cs.bak' can't be found. When moving or deleting files outside of Unity, please ensure that the corresponding .meta file is moved or deleted along with it.
A meta data file (.meta) exists but its asset 'Assets/UMA/Core/Scripts/AddressableUtility-20240805211117.cs.bak' can't be found. When moving or deleting files outside of Unity, please ensure that the corresponding .meta file is moved or deleted along with it.
A meta data file (.meta) exists but its asset 'Assets/UMA/Core/Scripts/UMAUVAttachedItem-20240805203231.cs.bak' can't be found. When moving or deleting files outside of Unity, please ensure that the corresponding .meta file is moved or deleted along with it.
A meta data file (.meta) exists but its asset 'Assets/UMA/Core/Scripts/UMAUVAttachedItem-20240807214447.cs.bak' can't be found. When moving or deleting files outside of Unity, please ensure that the corresponding .meta file is moved or deleted along with it.
A meta data file (.meta) exists but its asset 'Assets/UMA/Core/Scripts/UMAUVAttachedItemBlendshapeAdjuster-20240807214456.cs.bak' can't be found. When moving or deleting files outside of Unity, please ensure that the corresponding .meta file is moved or deleted along with it.
A meta data file (.meta) exists but its asset 'Assets/UMA/Core/Scripts/UMAUVAttachedItemManager-20240807214507.cs.bak' can't be found. When moving or deleting files outside of Unity, please ensure that the corresponding .meta file is moved or deleted along with it.
A meta data file (.meta) exists but its asset 'Assets/UMA/Core/Scripts/UMAUVAttachedItemPreprocessor-20240807214507.cs.bak' can't be found. When moving or deleting files outside of Unity, please ensure that the corresponding .meta file is moved or deleted along with it.
A meta data file (.meta) exists but its folder 'Assets/UMA/Core/ShaderPackages/ShaderPackager-main/Examples' can't be found, and has been created. Empty directories cannot be stored in version control, so it's assumed that the meta data file is for an empty directory in version control. When moving or deleting folders outside of Unity, please ensure that the corresponding .meta file is moved or deleted along with it.
A meta data file (.meta) exists but its folder 'Assets/UMA/Core/StandardAssets/UMA/Atlas/Cutout' can't be found, and has been created. Empty directories cannot be stored in version control, so it's assumed that the meta data file is for an empty directory in version control. When moving or deleting folders outside of Unity, please ensure that the corresponding .meta file is moved or deleted along with it.
A meta data file (.meta) exists but its folder 'Assets/UMA/Core/StandardAssets/UMA/Atlas/New Folder' can't be found, and has been created. Empty directories cannot be stored in version control, so it's assumed that the meta data file is for an empty directory in version control. When moving or deleting folders outside of Unity, please ensure that the corresponding .meta file is moved or deleted along with it.
A meta data file (.meta) exists but its asset 'Assets/UMA/Core/StandardAssets/UMA/Scripts/UMAData-20240807214527.cs.bak' can't be found. When moving or deleting files outside of Unity, please ensure that the corresponding .meta file is moved or deleted along with it.
A meta data file (.meta) exists but its asset 'Assets/UMA/Core/StandardAssets/UMA/Scripts/UMAMaterial-20240603135503.cs.bak' can't be found. When moving or deleting files outside of Unity, please ensure that the corresponding .meta file is moved or deleted along with it.
A meta data file (.meta) exists but its folder 'Assets/UMA/Examples/DNAConverterController Examples/Assets/FBX' can't be found, and has been created. Empty directories cannot be stored in version control, so it's assumed that the meta data file is for an empty directory in version control. When moving or deleting folders outside of Unity, please ensure that the corresponding .meta file is moved or deleted along with it.
A meta data file (.meta) exists but its folder 'Assets/UMA/Examples/DNAConverterController Examples/Assets/Textures/Body' can't be found, and has been created. Empty directories cannot be stored in version control, so it's assumed that the meta data file is for an empty directory in version control. When moving or deleting folders outside of Unity, please ensure that the corresponding .meta file is moved or deleted along with it.
A meta data file (.meta) exists but its folder 'Assets/UMA/Examples/DNAConverterController Examples/Assets/Textures/Face' can't be found, and has been created. Empty directories cannot be stored in version control, so it's assumed that the meta data file is for an empty directory in version control. When moving or deleting folders outside of Unity, please ensure that the corresponding .meta file is moved or deleted along with it.
A meta data file (.meta) exists but its folder 'Assets/UMA/Examples/DynamicCharacterSystem Examples/Assets/DynamicDNA/Prefabs' can't be found, and has been created. Empty directories cannot be stored in version control, so it's assumed that the meta data file is for an empty directory in version control. When moving or deleting folders outside of Unity, please ensure that the corresponding .meta file is moved or deleted along with it.
A meta data file (.meta) exists but its folder 'Assets/UMA/Examples/DynamicCharacterSystem Examples/Assets/SkyCar/DNA/LegacyDNA' can't be found, and has been created. Empty directories cannot be stored in version control, so it's assumed that the meta data file is for an empty directory in version control. When moving or deleting folders outside of Unity, please ensure that the corresponding .meta file is moved or deleted along with it.
A meta data file (.meta) exists but its folder 'Assets/UMA/Examples/DynamicCharacterSystem Examples/UMA DCS Demo - Simple Setup' can't be found, and has been created. Empty directories cannot be stored in version control, so it's assumed that the meta data file is for an empty directory in version control. When moving or deleting folders outside of Unity, please ensure that the corresponding .meta file is moved or deleted along with it.
A meta data file (.meta) exists but its folder 'Assets/UMA/Examples/DynamicDNAPlugins Examples/Scripts' can't be found, and has been created. Empty directories cannot be stored in version control, so it's assumed that the meta data file is for an empty directory in version control. When moving or deleting folders outside of Unity, please ensure that the corresponding .meta file is moved or deleted along with it.
A meta data file (.meta) exists but its folder 'Assets/UMA/Examples/Extensions Examples/DynamicCharacterSystem/Assets/DemoAssetBundles/ToonFemale/Wardrobe1/Hair' can't be found, and has been created. Empty directories cannot be stored in version control, so it's assumed that the meta data file is for an empty directory in version control. When moving or deleting folders outside of Unity, please ensure that the corresponding .meta file is moved or deleted along with it.
A meta data file (.meta) exists but its folder 'Assets/UMA/Examples/Main Examples/Decals' can't be found, and has been created. Empty directories cannot be stored in version control, so it's assumed that the meta data file is for an empty directory in version control. When moving or deleting folders outside of Unity, please ensure that the corresponding .meta file is moved or deleted along with it.
A meta data file (.meta) exists but its asset 'Assets/UMA/UMAContentCreation.docx' can't be found. When moving or deleting files outside of Unity, please ensure that the corresponding .meta file is moved or deleted along with it.
GUID [46baa597588c5bf4f8751b8a00ddee70] for asset 'Assets/AnyRPG/Addons/anyrpg-uma/ExtractedContent/Challenger/ChallengerBoot_Albedo.png.meta' conflicts with:
  'Assets/UMA/Examples/DynamicCharacterSystem Examples/Assets/Demo/UnityChallengerArmorSet/Textures/ChallengerBoot_Albedo.png.meta'
Assigning a new guid.
GUID [982377ed10e4ad34ea122aa27345c6b8] for asset 'Assets/AnyRPG/Addons/anyrpg-uma/ExtractedContent/Challenger/ChallengerBoot_Normal.png.meta' conflicts with:
  'Assets/UMA/Examples/DynamicCharacterSystem Examples/Assets/Demo/UnityChallengerArmorSet/Textures/ChallengerBoot_Normal.png.meta'
Assigning a new guid.
GUID [7e0c7da6f160f8746b6dc9ef2b9b3105] for asset 'Assets/AnyRPG/Addons/anyrpg-uma/ExtractedContent/Challenger/ChallengerBoot_Roughness.png.meta' conflicts with:
  'Assets/UMA/Examples/DynamicCharacterSystem Examples/Assets/Demo/UnityChallengerArmorSet/Textures/ChallengerBoot_Roughness.png.meta'
Assigning a new guid.
GUID [684e665f794940c4687db694443783cf] for asset 'Assets/AnyRPG/Addons/anyrpg-uma/ExtractedContent/Challenger/ChallengerBootLeather_Albedo.png.meta' conflicts with:
  'Assets/UMA/Examples/DynamicCharacterSystem Examples/Assets/Demo/UnityChallengerArmorSet/Textures/ChallengerBootLeather_Albedo.png.meta'
Assigning a new guid.
GUID [a79f26acde8ea4a41bd7fa601046a702] for asset 'Assets/AnyRPG/Addons/anyrpg-uma/ExtractedContent/Challenger/ChallengerBootMetal_Albedo.png.meta' conflicts with:
  'Assets/UMA/Examples/DynamicCharacterSystem Examples/Assets/Demo/UnityChallengerArmorSet/Textures/ChallengerBootMetal_Albedo.png.meta'
Assigning a new guid.
GUID [2d98d624c8a1ae94f985efa88d23998c] for asset 'Assets/AnyRPG/Addons/anyrpg-uma/ExtractedContent/Challenger/ChallengerBoots.asset.meta' conflicts with:
  'Assets/UMA/Examples/DynamicCharacterSystem Examples/Assets/Demo/UnityChallengerArmorSet/Overlays/ChallengerBoots.asset.meta'
Assigning a new guid.
GUID [52356e7a7ac1a79468d88e2b3f918bd6] for asset 'Assets/AnyRPG/Addons/anyrpg-uma/ExtractedContent/Challenger/ChallengerBootsLeather.asset.meta' conflicts with:
  'Assets/UMA/Examples/DynamicCharacterSystem Examples/Assets/Demo/UnityChallengerArmorSet/Overlays/ChallengerBootsLeather.asset.meta'
Assigning a new guid.
GUID [850d610cf1e6f7b4eb4157fc242d5074] for asset 'Assets/AnyRPG/Addons/anyrpg-uma/ExtractedContent/Challenger/ChallengerBootsMetal.asset.meta' conflicts with:
  'Assets/UMA/Examples/DynamicCharacterSystem Examples/Assets/Demo/UnityChallengerArmorSet/Overlays/ChallengerBootsMetal.asset.meta'
Assigning a new guid.
GUID [3040d0ba6d7b36040913ae2c9dac9852] for asset 'Assets/AnyRPG/Addons/anyrpg-uma/ExtractedContent/Challenger/ChallengerGloves.asset.meta' conflicts with:
  'Assets/UMA/Examples/DynamicCharacterSystem Examples/Assets/Demo/UnityChallengerArmorSet/Overlays/ChallengerGloves.asset.meta'
Assigning a new guid.
GUID [a460597f78928e04a8db0940885eb72a] for asset 'Assets/AnyRPG/Addons/anyrpg-uma/ExtractedContent/Challenger/ChallengerGlovesLeather.asset.meta' conflicts with:
  'Assets/UMA/Examples/DynamicCharacterSystem Examples/Assets/Demo/UnityChallengerArmorSet/Overlays/ChallengerGlovesLeather.asset.meta'
Assigning a new guid.
GUID [e84b15df5103d0a419f01ffe3e77fb53] for asset 'Assets/AnyRPG/Addons/anyrpg-uma/ExtractedContent/Challenger/ChallengerGlovesMetal.asset.meta' conflicts with:
  'Assets/UMA/Examples/DynamicCharacterSystem Examples/Assets/Demo/UnityChallengerArmorSet/Overlays/ChallengerGlovesMetal.asset.meta'
Assigning a new guid.
GUID [a97f7b1d9168ddc45b0479097ad7ea09] for asset 'Assets/AnyRPG/Addons/anyrpg-uma/ExtractedContent/Challenger/ChallengerShoulderPads.asset.meta' conflicts with:
  'Assets/UMA/Examples/DynamicCharacterSystem Examples/Assets/Demo/UnityChallengerArmorSet/Overlays/ChallengerShoulderPads.asset.meta'
Assigning a new guid.
GUID [9efda53d0ad2efb4da46ef74f26564ce] for asset 'Assets/AnyRPG/Addons/anyrpg-uma/ExtractedContent/Challenger/ChallengerShoulderPadsLeather.asset.meta' conflicts with:
  'Assets/UMA/Examples/DynamicCharacterSystem Examples/Assets/Demo/UnityChallengerArmorSet/Overlays/ChallengerShoulderPadsLeather.asset.meta'
Assigning a new guid.
GUID [2b7f847e474a9ce43b6dbb01f4b645d0] for asset 'Assets/AnyRPG/Addons/anyrpg-uma/ExtractedContent/Challenger/ChallengerShoulderPadsMetal.asset.meta' conflicts with:
  'Assets/UMA/Examples/DynamicCharacterSystem Examples/Assets/Demo/UnityChallengerArmorSet/Overlays/ChallengerShoulderPadsMetal.asset.meta'
Assigning a new guid.
GUID [65954fc26eb12744384e91567ad69e60] for asset 'Assets/AnyRPG/Addons/anyrpg-uma/ExtractedContent/Challenger/ChallengerTorsoArmor.asset.meta' conflicts with:
  'Assets/UMA/Examples/DynamicCharacterSystem Examples/Assets/Demo/UnityChallengerArmorSet/Overlays/ChallengerTorsoArmor.asset.meta'
Assigning a new guid.
GUID [734fcc8a0fd1912478c8566fc6eceda7] for asset 'Assets/AnyRPG/Addons/anyrpg-uma/ExtractedContent/Challenger/ChallengerTorsoArmorLeather.asset.meta' conflicts with:
  'Assets/UMA/Examples/DynamicCharacterSystem Examples/Assets/Demo/UnityChallengerArmorSet/Overlays/ChallengerTorsoArmorLeather.asset.meta'
Assigning a new guid.
GUID [809c22fcd6389e742a62ec4905d1a101] for asset 'Assets/AnyRPG/Addons/anyrpg-uma/ExtractedContent/Challenger/ChallengerTorsoArmorMetal.asset.meta' conflicts with:
  'Assets/UMA/Examples/DynamicCharacterSystem Examples/Assets/Demo/UnityChallengerArmorSet/Overlays/ChallengerTorsoArmorMetal.asset.meta'
Assigning a new guid.
GUID [7aafef8e795d8fb4e97c5f615fff0979] for asset 'Assets/AnyRPG/Addons/anyrpg-uma/ExtractedContent/Challenger/ChangerArmorCollection.asset.meta' conflicts with:
  'Assets/UMA/Examples/DynamicCharacterSystem Examples/Assets/Demo/UnityChallengerArmorSet/WardrobeCollections/ChangerArmorCollection.asset.meta'
Assigning a new guid.
GUID [207687cbeffe6ad468adb07e97f65e3a] for asset 'Assets/AnyRPG/Addons/anyrpg-uma/ExtractedContent/Challenger/Gloves_Albedo.png.meta' conflicts with:
  'Assets/UMA/Examples/DynamicCharacterSystem Examples/Assets/Demo/UnityChallengerArmorSet/Textures/Gloves_Albedo.png.meta'
Assigning a new guid.
GUID [980fed94abb92aa4cb426647cb125759] for asset 'Assets/AnyRPG/Addons/anyrpg-uma/ExtractedContent/Challenger/Gloves_Normal.png.meta' conflicts with:
  'Assets/UMA/Examples/DynamicCharacterSystem Examples/Assets/Demo/UnityChallengerArmorSet/Textures/Gloves_Normal.png.meta'
Assigning a new guid.
GUID [3798f966e3dde084eaa5d60ef5097c2f] for asset 'Assets/AnyRPG/Addons/anyrpg-uma/ExtractedContent/Challenger/Gloves_Roughness.png.meta' conflicts with:
  'Assets/UMA/Examples/DynamicCharacterSystem Examples/Assets/Demo/UnityChallengerArmorSet/Textures/Gloves_Roughness.png.meta'
Assigning a new guid.
GUID [8e8a11d219efb744e8b7d8886bf4431a] for asset 'Assets/AnyRPG/Addons/anyrpg-uma/ExtractedContent/Challenger/GlovesLeather_Albedo.png.meta' conflicts with:
  'Assets/UMA/Examples/DynamicCharacterSystem Examples/Assets/Demo/UnityChallengerArmorSet/Textures/GlovesLeather_Albedo.png.meta'
Assigning a new guid.
GUID [57540dd689a6efa44b9a5d2c785de92e] for asset 'Assets/AnyRPG/Addons/anyrpg-uma/ExtractedContent/Challenger/GlovesMetal_Albedo.png.meta' conflicts with:
  'Assets/UMA/Examples/DynamicCharacterSystem Examples/Assets/Demo/UnityChallengerArmorSet/Textures/GlovesMetal_Albedo.png.meta'
Assigning a new guid.
GUID [b26c5d9ed90bf6c43a9eec921b777004] for asset 'Assets/AnyRPG/Addons/anyrpg-uma/ExtractedContent/Challenger/MaleChallengerBoots.asset.meta' conflicts with:
  'Assets/UMA/Examples/DynamicCharacterSystem Examples/Assets/Demo/UnityChallengerArmorSet/Recipes/MaleChallengerBoots.asset.meta'
Assigning a new guid.
GUID [3f3aac953e3c9644abc58d578970ca4a] for asset 'Assets/AnyRPG/Addons/anyrpg-uma/ExtractedContent/Challenger/MaleChallengerBoots.png.meta' conflicts with:
  'Assets/UMA/Examples/DynamicCharacterSystem Examples/Assets/Demo/UnityChallengerArmorSet/Recipes/Thumbs/MaleChallengerBoots.png.meta'
Assigning a new guid.
GUID [6c5d912ba8fa77f449e43391d2d87d88] for asset 'Assets/AnyRPG/Addons/anyrpg-uma/ExtractedContent/Challenger/MaleChallengerBoots_Slot.asset.meta' conflicts with:
  'Assets/UMA/Examples/DynamicCharacterSystem Examples/Assets/Demo/UnityChallengerArmorSet/Slots/MaleChallengerBoots_Slot.asset.meta'
Assigning a new guid.
GUID [fab6a422313ad1e488c9e96d2417075a] for asset 'Assets/AnyRPG/Addons/anyrpg-uma/ExtractedContent/Challenger/MaleChallengerFull.png.meta' conflicts with:
  'Assets/UMA/Examples/DynamicCharacterSystem Examples/Assets/Demo/UnityChallengerArmorSet/WardrobeCollections/Thumbs/MaleChallengerFull.png.meta'
Assigning a new guid.
GUID [676f3c5a232b18c409f12db78a5ca6a4] for asset 'Assets/AnyRPG/Addons/anyrpg-uma/ExtractedContent/Challenger/MaleChallengerGloves.asset.meta' conflicts with:
  'Assets/UMA/Examples/DynamicCharacterSystem Examples/Assets/Demo/UnityChallengerArmorSet/Recipes/MaleChallengerGloves.asset.meta'
Assigning a new guid.
GUID [1b213ae1f94c6304ea5efc1a1abb03fa] for asset 'Assets/AnyRPG/Addons/anyrpg-uma/ExtractedContent/Challenger/MaleChallengerGloves.png.meta' conflicts with:
  'Assets/UMA/Examples/DynamicCharacterSystem Examples/Assets/Demo/UnityChallengerArmorSet/Recipes/Thumbs/MaleChallengerGloves.png.meta'
Assigning a new guid.
GUID [073bb8d1e3dc03140ada534c06d42dff] for asset 'Assets/AnyRPG/Addons/anyrpg-uma/ExtractedContent/Challenger/MaleChallengerGloves_Slot.asset.meta' conflicts with:
  'Assets/UMA/Examples/DynamicCharacterSystem Examples/Assets/Demo/UnityChallengerArmorSet/Slots/MaleChallengerGloves_Slot.asset.meta'
Assigning a new guid.
GUID [dfc6cf5670ba71d468af89475918c9cd] for asset 'Assets/AnyRPG/Addons/anyrpg-uma/ExtractedContent/Challenger/MaleChallengerShouderPads.asset.meta' conflicts with:
  'Assets/UMA/Examples/DynamicCharacterSystem Examples/Assets/Demo/UnityChallengerArmorSet/Recipes/MaleChallengerShouderPads.asset.meta'
Assigning a new guid.
GUID [39bd6533e85a6c74a83d49c4fd1f34e8] for asset 'Assets/AnyRPG/Addons/anyrpg-uma/ExtractedContent/Challenger/MaleChallengerShouderPads.png.meta' conflicts with:
  'Assets/UMA/Examples/DynamicCharacterSystem Examples/Assets/Demo/UnityChallengerArmorSet/Recipes/Thumbs/MaleChallengerShouderPads.png.meta'
Assigning a new guid.
GUID [5dcb82ea78983cf4da0c206fc9de96ae] for asset 'Assets/AnyRPG/Addons/anyrpg-uma/ExtractedContent/Challenger/MaleChallengerShouderPads_Slot.asset.meta' conflicts with:
  'Assets/UMA/Examples/DynamicCharacterSystem Examples/Assets/Demo/UnityChallengerArmorSet/Slots/MaleChallengerShouderPads_Slot.asset.meta'
Assigning a new guid.
GUID [71eeedfda6722ba44b45329112036e92] for asset 'Assets/AnyRPG/Addons/anyrpg-uma/ExtractedContent/Challenger/MaleChallengerTorso.asset.meta' conflicts with:
  'Assets/UMA/Examples/DynamicCharacterSystem Examples/Assets/Demo/UnityChallengerArmorSet/Recipes/MaleChallengerTorso.asset.meta'
Assigning a new guid.
GUID [02ec34d979718404599b1407f6465a7f] for asset 'Assets/AnyRPG/Addons/anyrpg-uma/ExtractedContent/Challenger/MaleChallengerTorso.png.meta' conflicts with:
  'Assets/UMA/Examples/DynamicCharacterSystem Examples/Assets/Demo/UnityChallengerArmorSet/Recipes/Thumbs/MaleChallengerTorso.png.meta'
Assigning a new guid.
GUID [863f68599d8ad8b4989c7724bb3b8dd1] for asset 'Assets/AnyRPG/Addons/anyrpg-uma/ExtractedContent/Challenger/MaleChallengerTorsoArmor_Slot.asset.meta' conflicts with:
  'Assets/UMA/Examples/DynamicCharacterSystem Examples/Assets/Demo/UnityChallengerArmorSet/Slots/MaleChallengerTorsoArmor_Slot.asset.meta'
Assigning a new guid.
GUID [6140842e8055c424c8cdb1c3c66edf36] for asset 'Assets/AnyRPG/Addons/anyrpg-uma/ExtractedContent/Challenger/ShoulderPad_Albedo.png.meta' conflicts with:
  'Assets/UMA/Examples/DynamicCharacterSystem Examples/Assets/Demo/UnityChallengerArmorSet/Textures/ShoulderPad_Albedo.png.meta'
Assigning a new guid.
GUID [31551ac088496c44e9f4ed99f3cde8e2] for asset 'Assets/AnyRPG/Addons/anyrpg-uma/ExtractedContent/Challenger/ShoulderPad_Normal.png.meta' conflicts with:
  'Assets/UMA/Examples/DynamicCharacterSystem Examples/Assets/Demo/UnityChallengerArmorSet/Textures/ShoulderPad_Normal.png.meta'
Assigning a new guid.
GUID [2c589544d3fa460468f7e50c3a0d8c27] for asset 'Assets/AnyRPG/Addons/anyrpg-uma/ExtractedContent/Challenger/ShoulderPad_Roughness.png.meta' conflicts with:
  'Assets/UMA/Examples/DynamicCharacterSystem Examples/Assets/Demo/UnityChallengerArmorSet/Textures/ShoulderPad_Roughness.png.meta'
Assigning a new guid.
GUID [40aedb735001bc6469dc30694df5a6f8] for asset 'Assets/AnyRPG/Addons/anyrpg-uma/ExtractedContent/Challenger/ShoulderPadLeather_Albedo.png.meta' conflicts with:
  'Assets/UMA/Examples/DynamicCharacterSystem Examples/Assets/Demo/UnityChallengerArmorSet/Textures/ShoulderPadLeather_Albedo.png.meta'
Assigning a new guid.
GUID [7a994921a3f3b9a49b61907ef28f5066] for asset 'Assets/AnyRPG/Addons/anyrpg-uma/ExtractedContent/Challenger/ShoulderPadMetal_Albedo.png.meta' conflicts with:
  'Assets/UMA/Examples/DynamicCharacterSystem Examples/Assets/Demo/UnityChallengerArmorSet/Textures/ShoulderPadMetal_Albedo.png.meta'
Assigning a new guid.
GUID [c16db8c9b3a1cf641963becca902affd] for asset 'Assets/AnyRPG/Addons/anyrpg-uma/ExtractedContent/Challenger/TorsoArmor_Albedo.png.meta' conflicts with:
  'Assets/UMA/Examples/DynamicCharacterSystem Examples/Assets/Demo/UnityChallengerArmorSet/Textures/TorsoArmor_Albedo.png.meta'
Assigning a new guid.
GUID [60d0a4f3a2fd41c4eb6136053eeefc44] for asset 'Assets/AnyRPG/Addons/anyrpg-uma/ExtractedContent/Challenger/TorsoArmor_Normal.png.meta' conflicts with:
  'Assets/UMA/Examples/DynamicCharacterSystem Examples/Assets/Demo/UnityChallengerArmorSet/Textures/TorsoArmor_Normal.png.meta'
Assigning a new guid.
GUID [88748dee7076a594da2220b822ce685a] for asset 'Assets/AnyRPG/Addons/anyrpg-uma/ExtractedContent/Challenger/TorsoArmor_Roughness.png.meta' conflicts with:
  'Assets/UMA/Examples/DynamicCharacterSystem Examples/Assets/Demo/UnityChallengerArmorSet/Textures/TorsoArmor_Roughness.png.meta'
Assigning a new guid.
GUID [5e0d6fd5a419c024abb998898b6bce79] for asset 'Assets/AnyRPG/Addons/anyrpg-uma/ExtractedContent/Challenger/TorsoArmorLeather_Albedo.png.meta' conflicts with:
  'Assets/UMA/Examples/DynamicCharacterSystem Examples/Assets/Demo/UnityChallengerArmorSet/Textures/TorsoArmorLeather_Albedo.png.meta'
Assigning a new guid.
GUID [bccbb38fe3139c444b2999c45952b427] for asset 'Assets/AnyRPG/Addons/anyrpg-uma/ExtractedContent/Challenger/TorsoArmorMetal_Albedo.png.meta' conflicts with:
  'Assets/UMA/Examples/DynamicCharacterSystem Examples/Assets/Demo/UnityChallengerArmorSet/Textures/TorsoArmorMetal_Albedo.png.meta'
Assigning a new guid.
GUID [0f682667155e8a146931d919a01217ac] for asset 'Assets/AnyRPG/Addons/anyrpg-uma/ExtractedContent/TestMaleJeans2.png.meta' conflicts with:
  'Assets/UMA/Examples/DynamicCharacterSystem Examples/Assets/Demo/Werewolf/Wardrobe1/Recipes/Thumbs/TestMaleJeans2.png.meta'
Assigning a new guid.
GUID [7c489b38d85c6524ba234cda8c226d19] for asset 'Assets/AnyRPG/Addons/anyrpg-uma/ExtractedContent/Textures.meta' conflicts with:
  'Assets/UMA/Examples/DynamicCharacterSystem Examples/Assets/Demo/Werewolf/Wardrobe1/Textures.meta'
Assigning a new guid.
GUID [d40bec82ad70824478f3cead70f6cfea] for asset 'Assets/AnyRPG/Addons/anyrpg-uma/ExtractedContent/Textures/MaleShirt01_Albedo.png.meta' conflicts with:
  'Assets/UMA/Examples/DynamicCharacterSystem Examples/Assets/Demo/Werewolf/Wardrobe1/Textures/MaleShirt01_Albedo.png.meta'
Assigning a new guid.
GUID [8e46551b231290e44b00c11543501fd8] for asset 'Assets/AnyRPG/Addons/anyrpg-uma/ExtractedContent/Textures/MaleShirt01_Normal.png.meta' conflicts with:
  'Assets/UMA/Examples/DynamicCharacterSystem Examples/Assets/Demo/Werewolf/Wardrobe1/Textures/MaleShirt01_Normal.png.meta'
Assigning a new guid.
GUID [f6107ad9de1e9bb4ea74851d9bca7976] for asset 'Assets/AnyRPG/Addons/anyrpg-uma/ExtractedContent/Textures/MaleShirt01_Roughness.png.meta' conflicts with:
  'Assets/UMA/Examples/DynamicCharacterSystem Examples/Assets/Demo/Werewolf/Wardrobe1/Textures/MaleShirt01_Roughness.png.meta'
Assigning a new guid.
GUID [7efaede98678e134fa62d68c0ee1cdef] for asset 'Assets/AnyRPG/Addons/anyrpg-uma/ExtractedContent/Textures/WerewolfTeeth_Diffuse.psd.meta' conflicts with:
  'Assets/UMA/Examples/DynamicCharacterSystem Examples/Assets/Demo/Werewolf/Wardrobe1/Textures/WerewolfTeeth_Diffuse.psd.meta'
Assigning a new guid.
GUID [2d98d624c8a1ae94f985efa88d23998c] for asset 'Assets/UMA/Examples/DynamicCharacterSystem Examples/Assets/Demo/UnityChallengerArmorSet/Overlays/ChallengerBoots.asset.meta' conflicts with:
  'Assets/AnyRPG/Addons/anyrpg-uma/ExtractedContent/Challenger/ChallengerBoots.asset.meta'
Assigning a new guid.
A meta data file (.meta) exists but its folder 'Assets/UMA/Content/Core/HumanFemale/FBX/TPoses' can't be found, and has been created. Empty directories cannot be stored in version control, so it's assumed that the meta data file is for an empty directory in version control. When moving or deleting folders outside of Unity, please ensure that the corresponding .meta file is moved or deleted along with it.
A meta data file (.meta) exists but its folder 'Assets/UMA/Content/Core/HumanFemale/Materials' can't be found, and has been created. Empty directories cannot be stored in version control, so it's assumed that the meta data file is for an empty directory in version control. When moving or deleting folders outside of Unity, please ensure that the corresponding .meta file is moved or deleted along with it.
A meta data file (.meta) exists but its folder 'Assets/UMA/Content/Core/HumanFemale/Recipes/Base Recipes/Legacy' can't be found, and has been created. Empty directories cannot be stored in version control, so it's assumed that the meta data file is for an empty directory in version control. When moving or deleting folders outside of Unity, please ensure that the corresponding .meta file is moved or deleted along with it.
A meta data file (.meta) exists but its folder 'Assets/UMA/Content/Core/HumanMale/Recipes/BaseRecipes/Legacy' can't be found, and has been created. Empty directories cannot be stored in version control, so it's assumed that the meta data file is for an empty directory in version control. When moving or deleting folders outside of Unity, please ensure that the corresponding .meta file is moved or deleted along with it.
A meta data file (.meta) exists but its folder 'Assets/UMA/Content/UMA_Examples/Animators/Materials' can't be found, and has been created. Empty directories cannot be stored in version control, so it's assumed that the meta data file is for an empty directory in version control. When moving or deleting folders outside of Unity, please ensure that the corresponding .meta file is moved or deleted along with it.
A meta data file (.meta) exists but its asset 'Assets/UMA/Core/Editor/Scripts/UMAEditorUtilities-20240805210130.cs.bak' can't be found. When moving or deleting files outside of Unity, please ensure that the corresponding .meta file is moved or deleted along with it.
A meta data file (.meta) exists but its asset 'Assets/UMA/Core/Scripts/AddressableUtility-20240805211117.cs.bak' can't be found. When moving or deleting files outside of Unity, please ensure that the corresponding .meta file is moved or deleted along with it.
A meta data file (.meta) exists but its asset 'Assets/UMA/Core/Scripts/UMAUVAttachedItem-20240805203231.cs.bak' can't be found. When moving or deleting files outside of Unity, please ensure that the corresponding .meta file is moved or deleted along with it.
A meta data file (.meta) exists but its asset 'Assets/UMA/Core/Scripts/UMAUVAttachedItem-20240807214447.cs.bak' can't be found. When moving or deleting files outside of Unity, please ensure that the corresponding .meta file is moved or deleted along with it.
A meta data file (.meta) exists but its asset 'Assets/UMA/Core/Scripts/UMAUVAttachedItemBlendshapeAdjuster-20240807214456.cs.bak' can't be found. When moving or deleting files outside of Unity, please ensure that the corresponding .meta file is moved or deleted along with it.
A meta data file (.meta) exists but its asset 'Assets/UMA/Core/Scripts/UMAUVAttachedItemManager-20240807214507.cs.bak' can't be found. When moving or deleting files outside of Unity, please ensure that the corresponding .meta file is moved or deleted along with it.
A meta data file (.meta) exists but its asset 'Assets/UMA/Core/Scripts/UMAUVAttachedItemPreprocessor-20240807214507.cs.bak' can't be found. When moving or deleting files outside of Unity, please ensure that the corresponding .meta file is moved or deleted along with it.
A meta data file (.meta) exists but its folder 'Assets/UMA/Core/ShaderPackages/ShaderPackager-main/Examples' can't be found, and has been created. Empty directories cannot be stored in version control, so it's assumed that the meta data file is for an empty directory in version control. When moving or deleting folders outside of Unity, please ensure that the corresponding .meta file is moved or deleted along with it.
A meta data file (.meta) exists but its folder 'Assets/UMA/Core/StandardAssets/UMA/Atlas/Cutout' can't be found, and has been created. Empty directories cannot be stored in version control, so it's assumed that the meta data file is for an empty directory in version control. When moving or deleting folders outside of Unity, please ensure that the corresponding .meta file is moved or deleted along with it.
A meta data file (.meta) exists but its folder 'Assets/UMA/Core/StandardAssets/UMA/Atlas/New Folder' can't be found, and has been created. Empty directories cannot be stored in version control, so it's assumed that the meta data file is for an empty directory in version control. When moving or deleting folders outside of Unity, please ensure that the corresponding .meta file is moved or deleted along with it.
A meta data file (.meta) exists but its asset 'Assets/UMA/Core/StandardAssets/UMA/Scripts/UMAData-20240807214527.cs.bak' can't be found. When moving or deleting files outside of Unity, please ensure that the corresponding .meta file is moved or deleted along with it.
A meta data file (.meta) exists but its asset 'Assets/UMA/Core/StandardAssets/UMA/Scripts/UMAMaterial-20240603135503.cs.bak' can't be found. When moving or deleting files outside of Unity, please ensure that the corresponding .meta file is moved or deleted along with it.
A meta data file (.meta) exists but its folder 'Assets/UMA/Examples/DNAConverterController Examples/Assets/FBX' can't be found, and has been created. Empty directories cannot be stored in version control, so it's assumed that the meta data file is for an empty directory in version control. When moving or deleting folders outside of Unity, please ensure that the corresponding .meta file is moved or deleted along with it.
A meta data file (.meta) exists but its folder 'Assets/UMA/Examples/DNAConverterController Examples/Assets/Textures/Body' can't be found, and has been created. Empty directories cannot be stored in version control, so it's assumed that the meta data file is for an empty directory in version control. When moving or deleting folders outside of Unity, please ensure that the corresponding .meta file is moved or deleted along with it.
A meta data file (.meta) exists but its folder 'Assets/UMA/Examples/DNAConverterController Examples/Assets/Textures/Face' can't be found, and has been created. Empty directories cannot be stored in version control, so it's assumed that the meta data file is for an empty directory in version control. When moving or deleting folders outside of Unity, please ensure that the corresponding .meta file is moved or deleted along with it.
A meta data file (.meta) exists but its folder 'Assets/UMA/Examples/DynamicCharacterSystem Examples/Assets/DynamicDNA/Prefabs' can't be found, and has been created. Empty directories cannot be stored in version control, so it's assumed that the meta data file is for an empty directory in version control. When moving or deleting folders outside of Unity, please ensure that the corresponding .meta file is moved or deleted along with it.
A meta data file (.meta) exists but its folder 'Assets/UMA/Examples/DynamicCharacterSystem Examples/Assets/SkyCar/DNA/LegacyDNA' can't be found, and has been created. Empty directories cannot be stored in version control, so it's assumed that the meta data file is for an empty directory in version control. When moving or deleting folders outside of Unity, please ensure that the corresponding .meta file is moved or deleted along with it.
A meta data file (.meta) exists but its folder 'Assets/UMA/Examples/DynamicCharacterSystem Examples/UMA DCS Demo - Simple Setup' can't be found, and has been created. Empty directories cannot be stored in version control, so it's assumed that the meta data file is for an empty directory in version control. When moving or deleting folders outside of Unity, please ensure that the corresponding .meta file is moved or deleted along with it.
A meta data file (.meta) exists but its folder 'Assets/UMA/Examples/DynamicDNAPlugins Examples/Scripts' can't be found, and has been created. Empty directories cannot be stored in version control, so it's assumed that the meta data file is for an empty directory in version control. When moving or deleting folders outside of Unity, please ensure that the corresponding .meta file is moved or deleted along with it.
A meta data file (.meta) exists but its folder 'Assets/UMA/Examples/Extensions Examples/DynamicCharacterSystem/Assets/DemoAssetBundles/ToonFemale/Wardrobe1/Hair' can't be found, and has been created. Empty directories cannot be stored in version control, so it's assumed that the meta data file is for an empty directory in version control. When moving or deleting folders outside of Unity, please ensure that the corresponding .meta file is moved or deleted along with it.
A meta data file (.meta) exists but its folder 'Assets/UMA/Examples/Main Examples/Decals' can't be found, and has been created. Empty directories cannot be stored in version control, so it's assumed that the meta data file is for an empty directory in version control. When moving or deleting folders outside of Unity, please ensure that the corresponding .meta file is moved or deleted along with it.
A meta data file (.meta) exists but its asset 'Assets/UMA/UMAContentCreation.docx' can't be found. When moving or deleting files outside of Unity, please ensure that the corresponding .meta file is moved or deleted along with it.
[API Updater] Processing imported assemblies took 218 ms (0/0 assembly(ies)).
Assembly Updater Post Process Assets time: 0.226452s
[ScriptCompilation] Requested script compilation because: Assembly Definition File(s) changed
[ScriptCompilation] Requested script compilation because: Assetdatabase observed changes in script compilation related files
[Licensing::Client] Successfully resolved entitlement details
Starting: C:\Unity\6000.3.10f1\Editor\Data\Tools\BuildPipeline\bee_backend.exe --ipc --defer-dag-verification --dagfile="Library/Bee/1900b0aE.dag" --continue-on-failure --profile="Library/Bee/backend1.traceevents" ScriptAssemblies
WorkingDir: D:/source/AshProtocol
ExitCode: 4 Duration: 0s141ms
[             ] Require frontend run.  Library/Bee/1900b0aE.dag couldn't be loaded
Starting: C:\Unity\6000.3.10f1\Editor\Data\netcorerun\netcorerun.exe "C:\Unity\6000.3.10f1\Editor\Data\Tools\BuildPipeline\ScriptCompilationBuildProgram.exe" "Library/Bee/1900b0aE.dag.json" "Library/Bee/1900b0aE-inputdata.json" "Library\Bee\buildprogram0.traceevents"
WorkingDir: D:/source/AshProtocol
DisplayProgressbar: Compiling Scripts
ExitCode: 0 Duration: 4s81ms
Starting: C:\Unity\6000.3.10f1\Editor\Data\Tools\BuildPipeline\bee_backend.exe --ipc --defer-dag-verification --dagfile="Library/Bee/1900b0aE.dag" --continue-on-failure --dagfilejson="Library\Bee\1900b0aE.dag.json" --profile="Library/Bee/backend2.traceevents" ScriptAssemblies
WorkingDir: D:/source/AshProtocol
ExitCode: 3 Duration: 1m:23s
Finished compiling graph: 972 nodes, 17940 flattened edges (14748 ToBuild, 154 ToUse), maximum node priority 1023
[  1/969    0s] WriteText Library/Bee/artifacts/1900b0aE.dag/UnityEngine.TestRunner.UnityAdditionalFile.txt
[  2/969    0s] WriteText Library/Bee/artifacts/1900b0aE.dag/UnityEngine.TestRunner.rsp2
[  3/969    2s] MovedFromExtractor Library/Bee/artifacts/mvdfrm/UnityEngine.StreamingModule.dll_18A3449316D4F12A.mvfrm
[  4/969    2s] MovedFromExtractor Library/Bee/artifacts/mvdfrm/UnityEngine.ShaderRuntimeModule.dll_8F8796B6BF49673B.mvfrm
[  5/969    2s] MovedFromExtractor Library/Bee/artifacts/mvdfrm/UnityEngine.PhysicsModule.dll_AE2A0F6A31A1B26F.mvfrm
[  6/969    2s] MovedFromExtractor Library/Bee/artifacts/mvdfrm/UnityEngine.TerrainModule.dll_C8708AD9075FFB5D.mvfrm
[  7/969    2s] MovedFromExtractor Library/Bee/artifacts/mvdfrm/UnityEngine.SubsystemsModule.dll_0A7C5354C4E59710.mvfrm
[  8/969    2s] MovedFromExtractor Library/Bee/artifacts/mvdfrm/UnityEngine.ShaderVariantAnalyticsModule.dll_C454020CB0C47592.mvfrm
[  9/969    2s] MovedFromExtractor Library/Bee/artifacts/mvdfrm/UnityEngine.SpriteMaskModule.dll_9FCEECF2F69DAEFD.mvfrm
[ 10/969    2s] MovedFromExtractor Library/Bee/artifacts/mvdfrm/UnityEngine.PropertiesModule.dll_E3DDB9A148197DBF.mvfrm
[ 11/969    2s] MovedFromExtractor Library/Bee/artifacts/mvdfrm/UnityEngine.ScreenCaptureModule.dll_79AF244982ED89B2.mvfrm
[ 12/969    2s] MovedFromExtractor Library/Bee/artifacts/mvdfrm/UnityEngine.RenderAs2DModule.dll_25157C272773C7F6.mvfrm
[ 13/969    2s] MovedFromExtractor Library/Bee/artifacts/mvdfrm/UnityEngine.TextCoreFontEngineModule.dll_7ABDD1FEF18EBAC9.mvfrm
[ 14/969    2s] MovedFromExtractor Library/Bee/artifacts/mvdfrm/UnityEngine.SpriteShapeModule.dll_5023695DD7CB3EA4.mvfrm
[ 15/969    2s] MovedFromExtractor Library/Bee/artifacts/mvdfrm/UnityEngine.RuntimeInitializeOnLoadManagerInitializerModule.dll_DF71C572D660244A.mvfrm
[ 16/969    2s] MovedFromExtractor Library/Bee/artifacts/mvdfrm/UnityEngine.SubstanceModule.dll_F54E58DC6227EF38.mvfrm
[ 17/969    2s] MovedFromExtractor Library/Bee/artifacts/mvdfrm/UnityEngine.SharedInternalsModule.dll_277CBD8166AF1C09.mvfrm
[ 18/969    2s] MovedFromExtractor Library/Bee/artifacts/mvdfrm/UnityEngine.TerrainPhysicsModule.dll_F49A27E1908BB83E.mvfrm
[ 19/969    0s] MovedFromExtractor Library/Bee/artifacts/mvdfrm/UnityEngine.InputModule.dll_F93F989C02EC6482.mvfrm
[ 20/969    0s] MovedFromExtractor Library/Bee/artifacts/mvdfrm/UnityEngine.dll_53D42E21E674B3FA.mvfrm
[ 21/969    0s] MovedFromExtractor Library/Bee/artifacts/mvdfrm/UnityEngine.MultiplayerModule.dll_B66A588FDAF09412.mvfrm
[ 22/969    0s] MovedFromExtractor Library/Bee/artifacts/mvdfrm/UnityEngine.Physics2DModule.dll_B0B44733684A3181.mvfrm
[ 23/969    0s] MovedFromExtractor Library/Bee/artifacts/mvdfrm/UnityEngine.ImageConversionModule.dll_A36B7EABEF8120B9.mvfrm
[ 24/969    0s] MovedFromExtractor Library/Bee/artifacts/mvdfrm/UnityEngine.JSONSerializeModule.dll_5FC776C46E815D50.mvfrm
[ 25/969    0s] MovedFromExtractor Library/Bee/artifacts/mvdfrm/UnityEngine.LocalizationModule.dll_69A549F88D402EF5.mvfrm
[ 26/969    0s] MovedFromExtractor Library/Bee/artifacts/mvdfrm/UnityEngine.PerformanceReportingModule.dll_6CADDBCA5F01E56A.mvfrm
[ 27/969    0s] MovedFromExtractor Library/Bee/artifacts/mvdfrm/UnityEngine.PhysicsBackendPhysXModule.dll_4B0FF4E0715B8491.mvfrm
[ 28/969    0s] MovedFromExtractor Library/Bee/artifacts/mvdfrm/UnityEngine.IMGUIModule.dll_CB29705252E5D3BF.mvfrm
[ 29/969    0s] MovedFromExtractor Library/Bee/artifacts/mvdfrm/UnityEngine.MarshallingModule.dll_DF2ADA98065133EC.mvfrm
[ 30/969    0s] MovedFromExtractor Library/Bee/artifacts/mvdfrm/UnityEngine.ParticleSystemModule.dll_F41F7F0E7748BDB1.mvfrm
[ 31/969    0s] MovedFromExtractor Library/Bee/artifacts/mvdfrm/UnityEngine.InsightsModule.dll_47E2F63790781607.mvfrm
[ 32/969    0s] MovedFromExtractor Library/Bee/artifacts/mvdfrm/UnityEngine.InputForUIModule.dll_B954D47C354EB63F.mvfrm
[ 33/969    1s] MovedFromExtractor Library/Bee/artifacts/mvdfrm/UnityEngine.InputLegacyModule.dll_C8075721BA1ABC8B.mvfrm
[ 34/969    1s] MovedFromExtractor Library/Bee/artifacts/mvdfrm/UnityEngine.IdentifiersModule.dll_0F4BC3F8E4A1D4B2.mvfrm
[ 35/969    0s] MovedFromExtractor Library/Bee/artifacts/mvdfrm/UnityEngine.GameCenterModule.dll_B6A27A62D52E1983.mvfrm
[ 36/969    0s] MovedFromExtractor Library/Bee/artifacts/mvdfrm/UnityEngine.HotReloadModule.dll_E5571548A280556E.mvfrm
[ 37/969    0s] MovedFromExtractor Library/Bee/artifacts/mvdfrm/UnityEngine.GridModule.dll_691BCB1FB4947BA2.mvfrm
[ 38/969    0s] MovedFromExtractor Library/Bee/artifacts/mvdfrm/UnityEditor.BuildProfileModule.dll_B081FD1A1F58841C.mvfrm
[ 39/969    0s] MovedFromExtractor Library/Bee/artifacts/mvdfrm/UnityEngine.GIModule.dll_D533B93E4B74E0EE.mvfrm
[ 40/969    0s] MovedFromExtractor Library/Bee/artifacts/mvdfrm/UnityEngine.GraphicsStateCollectionSerializerModule.dll_0168FD2BD1B8066E.mvfrm
[ 41/969    0s] MovedFromExtractor Library/Bee/artifacts/mvdfrm/UnityEditor.AccessibilityModule.dll_736EFB60F64D79A1.mvfrm
[ 42/969    0s] MovedFromExtractor Library/Bee/artifacts/mvdfrm/UnityEditor.CoreBusinessMetricsModule.dll_3057721779A11DC7.mvfrm
[ 43/969    0s] MovedFromExtractor Library/Bee/artifacts/mvdfrm/UnityEditor.ClothModule.dll_338571823553EE1D.mvfrm
[ 44/969    0s] MovedFromExtractor Library/Bee/artifacts/mvdfrm/UnityEditor.DeviceSimulatorModule.dll_31CCBE89FDA15B41.mvfrm
[ 45/969    0s] MovedFromExtractor Library/Bee/artifacts/mvdfrm/UnityEngine.HierarchyCoreModule.dll_76CA8A62DDF355BC.mvfrm
[ 46/969    0s] MovedFromExtractor Library/Bee/artifacts/mvdfrm/UnityEditor.AdaptivePerformanceModule.dll_B06C789D5359EECD.mvfrm
[ 47/969    0s] MovedFromExtractor Library/Bee/artifacts/mvdfrm/UnityEditor.AssetComplianceModule.dll_6AA7CE78785D3F6E.mvfrm
[ 48/969    0s] MovedFromExtractor Library/Bee/artifacts/mvdfrm/UnityEditor.EmbreeModule.dll_0DB54BFD483532C9.mvfrm
[ 49/969    0s] MovedFromExtractor Library/Bee/artifacts/mvdfrm/UnityEngine.DSPGraphModule.dll_B36D8F10785B97A9.mvfrm
[ 50/969    0s] MovedFromExtractor Library/Bee/artifacts/mvdfrm/UnityEditor.GIModule.dll_96C527AEDFF7AD23.mvfrm
[ 51/969    0s] MovedFromExtractor Library/Bee/artifacts/mvdfrm/UnityEditor.GridModule.dll_45FAF7CD0C8F1077.mvfrm
[ 52/969    0s] MovedFromExtractor Library/Bee/artifacts/mvdfrm/UnityEditor.HierarchyModule.dll_82FCE1F5AACFA408.mvfrm
[ 53/969    0s] MovedFromExtractor Library/Bee/artifacts/mvdfrm/UnityEditor.GraphicsStateCollectionSerializerModule.dll_F875303C04B8BD09.mvfrm
[ 54/969    1s] MovedFromExtractor Library/Bee/artifacts/mvdfrm/UnityEditor.CoreModule.dll_6889DBDEF43A7A80.mvfrm
[ 55/969    0s] MovedFromExtractor Library/Bee/artifacts/mvdfrm/UnityEditor.InAppPurchasingModule.dll_6801C99FA5C9C06D.mvfrm
[ 56/969    0s] MovedFromExtractor Library/Bee/artifacts/mvdfrm/UnityEditor.Physics2DModule.dll_FACE564A82CA7F9C.mvfrm
[ 57/969    1s] MovedFromExtractor Library/Bee/artifacts/mvdfrm/UnityEditor.dll_212FE74988012715.mvfrm
[ 58/969    1s] MovedFromExtractor Library/Bee/artifacts/mvdfrm/UnityEditor.LevelPlayModule.dll_34DE630A13626C8B.mvfrm
[ 59/969    1s] MovedFromExtractor Library/Bee/artifacts/mvdfrm/UnityEditor.EditorToolbarModule.dll_A96B11336FE32AF1.mvfrm
[ 60/969    1s] MovedFromExtractor Library/Bee/artifacts/mvdfrm/UnityEditor.MultiplayerModule.dll_B0A48900C8B6838D.mvfrm
[ 61/969    0s] MovedFromExtractor Library/Bee/artifacts/mvdfrm/UnityEditor.PlayModeModule.dll_F8F95CE020F8FE68.mvfrm
[ 62/969    1s] MovedFromExtractor Library/Bee/artifacts/mvdfrm/UnityEditor.GridAndSnapModule.dll_71826E85EA50123E.mvfrm
[ 63/969    0s] MovedFromExtractor Library/Bee/artifacts/mvdfrm/UnityEditor.PhysicsModule.dll_BBAF56BFCC92CB2A.mvfrm
[ 64/969    1s] MovedFromExtractor Library/Bee/artifacts/mvdfrm/UnityEditor.MediaModule.dll_985D2E18D98397C7.mvfrm
[ 65/969    1s] MovedFromExtractor Library/Bee/artifacts/mvdfrm/UnityEditor.DiagnosticsModule.dll_67C9880466EB554F.mvfrm
[ 66/969    0s] MovedFromExtractor Library/Bee/artifacts/mvdfrm/UnityEditor.PresetsUIModule.dll_50EF13FBEF48BD4B.mvfrm
[ 67/969    0s] MovedFromExtractor Library/Bee/artifacts/mvdfrm/UnityEngine.ContentLoadModule.dll_CFD89543F0ABAE87.mvfrm
[ 68/969    1s] MovedFromExtractor Library/Bee/artifacts/mvdfrm/UnityEditor.PropertiesModule.dll_E32F4C5945D56474.mvfrm
[ 69/969    0s] MovedFromExtractor Library/Bee/artifacts/mvdfrm/UnityEditor.SpriteMaskModule.dll_9F207FAAF45995B2.mvfrm
[ 70/969    1s] MovedFromExtractor Library/Bee/artifacts/mvdfrm/UnityEditor.SceneViewModule.dll_D438BE21E2133254.mvfrm
[ 71/969    1s] MovedFromExtractor Library/Bee/artifacts/mvdfrm/UnityEditor.ShaderBuildSettingsModule.dll_B892BF462659200F.mvfrm
[ 72/969    1s] MovedFromExtractor Library/Bee/artifacts/mvdfrm/UnityEditor.SceneTemplateModule.dll_CD0A81F16ECFD529.mvfrm
[ 73/969    0s] MovedFromExtractor Library/Bee/artifacts/mvdfrm/UnityEditor.ShaderFoundryModule.dll_0BEA5234917F51B7.mvfrm
[ 74/969    0s] MovedFromExtractor Library/Bee/artifacts/mvdfrm/UnityEditor.SpriteShapeModule.dll_4A5D99CEC5912E1F.mvfrm
[ 75/969    1s] MovedFromExtractor Library/Bee/artifacts/mvdfrm/UnityEditor.QuickSearchModule.dll_F2D90911BFC251A8.mvfrm
[ 76/969    0s] MovedFromExtractor Library/Bee/artifacts/mvdfrm/UnityEditor.SubstanceModule.dll_3F6867F37CA83D53.mvfrm
[ 77/969    1s] MovedFromExtractor Library/Bee/artifacts/mvdfrm/UnityEditor.SafeModeModule.dll_B3056B26822FEF01.mvfrm
[ 78/969    0s] MovedFromExtractor Library/Bee/artifacts/mvdfrm/UnityEditor.SketchUpModule.dll_9B1A5076CD618B18.mvfrm
[ 79/969    0s] MovedFromExtractor Library/Bee/artifacts/mvdfrm/UnityEditor.TextCoreFontEngineModule.dll_FC5E56ABDE90FBFE.mvfrm
[ 80/969    0s] MovedFromExtractor Library/Bee/artifacts/mvdfrm/UnityEditor.TextCoreTextEngineModule.dll_44468D1D6E14B51C.mvfrm
[ 81/969    1s] MovedFromExtractor Library/Bee/artifacts/mvdfrm/UnityEditor.ShaderCompilationModule.dll_CD01C205C9F2CC41.mvfrm
[ 82/969    0s] MovedFromExtractor Library/Bee/artifacts/mvdfrm/UnityEditor.TextRenderingModule.dll_16ADA42CC12C8682.mvfrm
[ 83/969    0s] MovedFromExtractor Library/Bee/artifacts/mvdfrm/UnityEditor.TerrainModule.dll_D5F5D22EA2511418.mvfrm
[ 84/969    0s] MovedFromExtractor Library/Bee/artifacts/mvdfrm/UnityEditor.UIElementsSamplesModule.dll_C1335F8DE6EED771.mvfrm
[ 85/969    0s] MovedFromExtractor Library/Bee/artifacts/mvdfrm/UnityEditor.UIElementsModule.dll_0E0C4774C5CDB9BC.mvfrm
[ 86/969    0s] MovedFromExtractor Library/Bee/artifacts/mvdfrm/UnityEngine.AccessibilityModule.dll_FFAFED886F45FCC6.mvfrm
[ 87/969    0s] MovedFromExtractor Library/Bee/artifacts/mvdfrm/UnityEditor.VideoModule.dll_F1A698F21DC92ADE.mvfrm
[ 88/969    0s] MovedFromExtractor Library/Bee/artifacts/mvdfrm/UnityEditor.TreeModule.dll_C635D0ED7C000FBF.mvfrm
[ 89/969    0s] MovedFromExtractor Library/Bee/artifacts/mvdfrm/UnityEditor.VectorGraphicsModule.dll_D04253A7ED629FEF.mvfrm
[ 90/969    0s] MovedFromExtractor Library/Bee/artifacts/mvdfrm/UnityEngine.AdaptivePerformanceModule.dll_70FC0D538E9F41D2.mvfrm
[ 91/969    1s] MovedFromExtractor Library/Bee/artifacts/mvdfrm/UnityEditor.TilemapModule.dll_74F239AFBA0DF521.mvfrm
[ 92/969    0s] MovedFromExtractor Library/Bee/artifacts/mvdfrm/UnityEditor.UIAutomationModule.dll_6122EC0ABBCC4CDC.mvfrm
[ 93/969    0s] MovedFromExtractor Library/Bee/artifacts/mvdfrm/UnityEditor.UIToolkitAuthoringModule.dll_2FB4EB38FD177FBE.mvfrm
[ 94/969    0s] MovedFromExtractor Library/Bee/artifacts/mvdfrm/UnityEditor.XRModule.dll_7F8D6658CB849D8B.mvfrm
[ 95/969    1s] MovedFromExtractor Library/Bee/artifacts/mvdfrm/UnityEditor.UIBuilderModule.dll_EA1188365FA8DE7A.mvfrm
[ 96/969    1s] MovedFromExtractor Library/Bee/artifacts/mvdfrm/UnityEditor.UnityConnectModule.dll_ABBC0A90443C6936.mvfrm
[ 97/969    0s] MovedFromExtractor Library/Bee/artifacts/mvdfrm/UnityEditor.VFXModule.dll_98370970A73CAAEB.mvfrm
[ 98/969    1s] MovedFromExtractor Library/Bee/artifacts/mvdfrm/UnityEngine.AIModule.dll_3CF77030AFC5F8D4.mvfrm
[ 99/969    1s] MovedFromExtractor Library/Bee/artifacts/mvdfrm/UnityEditor.UmbraModule.dll_4771C09FE85DBAAC.mvfrm
[100/969    0s] MovedFromExtractor Library/Bee/artifacts/mvdfrm/UnityEngine.AndroidJNIModule.dll_8C5530480EED2892.mvfrm
[101/969    0s] MovedFromExtractor Library/Bee/artifacts/mvdfrm/UnityEngine.DirectorModule.dll_AE1C2DA705FAC688.mvfrm
[102/969    1s] MovedFromExtractor Library/Bee/artifacts/mvdfrm/UnityEngine.AnimationModule.dll_640E5742C74D39EC.mvfrm
[103/969    1s] MovedFromExtractor Library/Bee/artifacts/mvdfrm/UnityEngine.AssetBundleModule.dll_36C23C032229069A.mvfrm
[104/969    1s] MovedFromExtractor Library/Bee/artifacts/mvdfrm/UnityEngine.ClusterRendererModule.dll_377980FB6D5C68C5.mvfrm
[105/969    1s] MovedFromExtractor Library/Bee/artifacts/mvdfrm/UnityEngine.CrashReportingModule.dll_A10D35C209373223.mvfrm
[106/969    1s] MovedFromExtractor Library/Bee/artifacts/mvdfrm/UnityEngine.ClothModule.dll_F9B22DE666D11EC2.mvfrm
[107/969    1s] MovedFromExtractor Library/Bee/artifacts/mvdfrm/UnityEngine.TLSModule.dll_237A1355407F4F83.mvfrm
[108/969    1s] MovedFromExtractor Library/Bee/artifacts/mvdfrm/UnityEngine.ARModule.dll_F66A35340CE3579D.mvfrm
[109/969    1s] MovedFromExtractor Library/Bee/artifacts/mvdfrm/UnityEngine.AudioModule.dll_92C9D0EB8CB43FDE.mvfrm
[110/969    1s] MovedFromExtractor Library/Bee/artifacts/mvdfrm/UnityEngine.TextRenderingModule.dll_A2EE96543A2509A7.mvfrm
[111/969    1s] MovedFromExtractor Library/Bee/artifacts/mvdfrm/UnityEngine.CoreModule.dll_8BAAAF319C3FE5AB.mvfrm
[112/969    0s] MovedFromExtractor Library/Bee/artifacts/mvdfrm/UnityEngine.UIModule.dll_386B0E5E0C0CFE80.mvfrm
[113/969    1s] MovedFromExtractor Library/Bee/artifacts/mvdfrm/UnityEngine.ClusterInputModule.dll_2B587FA5F5C43BFC.mvfrm
[114/969    1s] MovedFromExtractor Library/Bee/artifacts/mvdfrm/UnityEngine.TilemapModule.dll_676CF25A1F1CDC66.mvfrm
[115/969    1s] MovedFromExtractor Library/Bee/artifacts/mvdfrm/UnityEngine.UIElementsModule.dll_0EBAB4BCC811D307.mvfrm
[116/969    1s] MovedFromExtractor Library/Bee/artifacts/mvdfrm/UnityEngine.UnityConsentModule.dll_6AC125CB4BCF0031.mvfrm
[117/969    1s] MovedFromExtractor Library/Bee/artifacts/mvdfrm/UnityEngine.UnityConnectModule.dll_991B8E9F3EC469E1.mvfrm
[118/969    1s] MovedFromExtractor Library/Bee/artifacts/mvdfrm/UnityEngine.UnityAnalyticsModule.dll_13BEEFD823700FAD.mvfrm
[119/969    0s] MovedFromExtractor Library/Bee/artifacts/mvdfrm/UnityEngine.UnityWebRequestAssetBundleModule.dll_496FB0E270ACAC3E.mvfrm
[120/969    1s] MovedFromExtractor Library/Bee/artifacts/mvdfrm/UnityEngine.UnityAnalyticsCommonModule.dll_07EC990E78EA83C8.mvfrm
[121/969    0s] MovedFromExtractor Library/Bee/artifacts/mvdfrm/UnityEngine.UnityWebRequestAudioModule.dll_E4AA2FA8E56CB002.mvfrm
[122/969    0s] WriteText Library/Bee/artifacts/1900b0aE.dag/UnityEngine.UI.UnityAdditionalFile.txt
[123/969    0s] WriteText Library/Bee/artifacts/1900b0aE.dag/UnityEngine.UI.rsp2
[124/969    0s] WriteText Library/Bee/artifacts/1900b0aE.dag/UnityEngine.TestRunner.dll.mvfrm.rsp
[125/969    0s] WriteText Library/Bee/artifacts/1900b0aE.dag/UnityEngine.TestRunner.rsp
[126/969    0s] MovedFromExtractor Library/Bee/artifacts/mvdfrm/UnityEngine.UnityWebRequestTextureModule.dll_0399E45C04F83A17.mvfrm
[127/969    1s] MovedFromExtractor Library/Bee/artifacts/mvdfrm/UnityEngine.UmbraModule.dll_0D9E7D0419DAEB51.mvfrm
[128/969    1s] MovedFromExtractor Library/Bee/artifacts/mvdfrm/UnityEngine.UnityCurlModule.dll_972AF87437612BD9.mvfrm
[129/969    0s] WriteText Library/Bee/artifacts/1900b0aE.dag/UnityEditor.TestRunner.rsp2
[130/969    0s] WriteText Library/Bee/artifacts/1900b0aE.dag/UnityEditor.TestRunner.UnityAdditionalFile.txt
[131/969    0s] WriteText Library/Bee/artifacts/1900b0aE.dag/UnityEngine.UI.dll.mvfrm.rsp
[132/969    0s] WriteText Library/Bee/artifacts/1900b0aE.dag/UnityEngine.UI.rsp
[133/969    1s] MovedFromExtractor Library/Bee/artifacts/mvdfrm/UnityEngine.UnityWebRequestWWWModule.dll_8D684DCC70D23053.mvfrm
[134/969    1s] MovedFromExtractor Library/Bee/artifacts/mvdfrm/UnityEngine.VFXModule.dll_A458ABC416ECB8F0.mvfrm
[135/969    1s] MovedFromExtractor Library/Bee/artifacts/mvdfrm/UnityEngine.VehiclesModule.dll_25DF272680249623.mvfrm
[136/969    0s] WriteText Library/Bee/artifacts/1900b0aE.dag/UnityEditor.TestRunner.dll.mvfrm.rsp
[137/969    0s] WriteText Library/Bee/artifacts/1900b0aE.dag/UnityEditor.TestRunner.rsp
[138/969    0s] WriteText Library/Bee/artifacts/1900b0aE.dag/UnityEditor.UI.rsp2
[139/969    0s] WriteText Library/Bee/artifacts/1900b0aE.dag/UnityEditor.UI.UnityAdditionalFile.txt
[140/969    0s] WriteText Library/Bee/artifacts/1900b0aE.dag/UnityEditor.UI.dll.mvfrm.rsp
[141/969    0s] WriteText Library/Bee/artifacts/1900b0aE.dag/UnityEditor.UI.rsp
[142/969    0s] WriteText Library/Bee/artifacts/1900b0aE.dag/Unity.Burst.rsp2
[143/969    0s] WriteText Library/Bee/artifacts/1900b0aE.dag/Unity.Burst.UnityAdditionalFile.txt
[144/969    0s] WriteText Library/Bee/artifacts/1900b0aE.dag/Unity.Mathematics.rsp2
[145/969    0s] WriteText Library/Bee/artifacts/1900b0aE.dag/Unity.Mathematics.UnityAdditionalFile.txt
[146/969    1s] MovedFromExtractor Library/Bee/artifacts/mvdfrm/UnityEngine.VideoModule.dll_B7D355564F465B83.mvfrm
[147/969    0s] MovedFromExtractor Library/Bee/artifacts/mvdfrm/UnityEditor.Graphs.dll_9D0F2A0255DA84B2.mvfrm
[148/969    0s] WriteText Library/Bee/artifacts/1900b0aE.dag/Unity.Burst.rsp
[149/969    0s] WriteText Library/Bee/artifacts/1900b0aE.dag/Unity.Burst.dll.mvfrm.rsp
[150/969    0s] WriteText Library/Bee/artifacts/1900b0aE.dag/Unity.Mathematics.dll.mvfrm.rsp
[151/969    0s] WriteText Library/Bee/artifacts/1900b0aE.dag/Unity.Mathematics.rsp
[152/969    0s] WriteText Library/Bee/artifacts/1900b0aE.dag/Unity.Collections.UnityAdditionalFile.txt
[153/969    0s] WriteText Library/Bee/artifacts/1900b0aE.dag/Unity.Collections.rsp2
[154/969    0s] WriteText Library/Bee/artifacts/1900b0aE.dag/Unity.Collections.dll.mvfrm.rsp
[155/969    0s] WriteText Library/Bee/artifacts/1900b0aE.dag/Unity.Collections.rsp
[156/969    0s] WriteText Library/Bee/artifacts/1900b0aE.dag/Unity.InputSystem.rsp2
[157/969    0s] WriteText Library/Bee/artifacts/1900b0aE.dag/Unity.InputSystem.UnityAdditionalFile.txt
[158/969    0s] WriteText Library/Bee/artifacts/1900b0aE.dag/Unity.Collections.CodeGen.rsp2
[159/969    0s] WriteText Library/Bee/artifacts/1900b0aE.dag/Unity.Burst.CodeGen.rsp2
[160/969    0s] WriteText Library/Bee/artifacts/1900b0aE.dag/Unity.Burst.CodeGen.UnityAdditionalFile.txt
[161/969    0s] WriteText Library/Bee/artifacts/1900b0aE.dag/Unity.Collections.CodeGen.UnityAdditionalFile.txt
[162/969    0s] WriteText Library/Bee/artifacts/1900b0aE.dag/Unity.InputSystem.dll.mvfrm.rsp
[163/969    0s] WriteText Library/Bee/artifacts/1900b0aE.dag/Unity.InputSystem.rsp
[164/969    0s] WriteText Library/Bee/artifacts/1900b0aE.dag/Unity.RenderPipelines.Core.Runtime.rsp2
[165/969    0s] WriteText Library/Bee/artifacts/1900b0aE.dag/Unity.RenderPipelines.Core.Runtime.UnityAdditionalFile.txt
[166/969    0s] WriteText Library/Bee/artifacts/1900b0aE.dag/Unity.Profiling.Core.rsp2
[167/969    0s] WriteText Library/Bee/artifacts/1900b0aE.dag/Unity.Profiling.Core.UnityAdditionalFile.txt
[168/969    0s] WriteText Library/Bee/artifacts/1900b0aE.dag/Unity.Profiling.Core.dll.mvfrm.rsp
[169/969    0s] WriteText Library/Bee/artifacts/1900b0aE.dag/Unity.ResourceManager.rsp2
[170/969    0s] WriteText Library/Bee/artifacts/1900b0aE.dag/Unity.Profiling.Core.rsp
[171/969    0s] WriteText Library/Bee/artifacts/1900b0aE.dag/Unity.ResourceManager.UnityAdditionalFile.txt
[172/969    0s] WriteText Library/Bee/artifacts/1900b0aE.dag/Unity.RenderPipelines.Core.Runtime.dll.mvfrm.rsp
[173/969    0s] WriteText Library/Bee/artifacts/1900b0aE.dag/Unity.RenderPipelines.Core.Runtime.rsp
[174/969    0s] MovedFromExtractor Library/Bee/artifacts/mvdfrm/Unity.Collections.LowLevel.ILSupport.dll_921D3F57B2557A8B.mvfrm
[175/969    1s] MovedFromExtractor Library/Bee/artifacts/mvdfrm/UnityEngine.TextCoreTextEngineModule.dll_C2A60870811273E7.mvfrm
[176/969    1s] MovedFromExtractor Library/Bee/artifacts/mvdfrm/UnityEngine.VectorGraphicsModule.dll_8B66B543094F33FA.mvfrm
[177/969    0s] MovedFromExtractor Library/Bee/artifacts/mvdfrm/UnityEngine.AMDModule.dll_24EA4FF0194ED430.mvfrm
[178/969    0s] WriteText Library/Bee/artifacts/1900b0aE.dag/Unity.Collections.CodeGen.dll.mvfrm.rsp
[179/969    0s] WriteText Library/Bee/artifacts/1900b0aE.dag/Unity.Burst.CodeGen.dll.mvfrm.rsp
[180/969    0s] WriteText Library/Bee/artifacts/1900b0aE.dag/Unity.Burst.CodeGen.rsp
[181/969    0s] WriteText Library/Bee/artifacts/1900b0aE.dag/Unity.Collections.CodeGen.rsp
[182/969    0s] WriteText Library/Bee/artifacts/1900b0aE.dag/Unity.ResourceManager.dll.mvfrm.rsp
[183/969    0s] WriteText Library/Bee/artifacts/1900b0aE.dag/Unity.ResourceManager.rsp
[184/969    0s] WriteText Library/Bee/artifacts/1900b0aE.dag/Unity.RenderPipelines.GPUDriven.Runtime.rsp2
[185/969    0s] WriteText Library/Bee/artifacts/1900b0aE.dag/Unity.RenderPipelines.GPUDriven.Runtime.UnityAdditionalFile.txt
[186/969    0s] WriteText Library/Bee/artifacts/1900b0aE.dag/Unity.Addressables.UnityAdditionalFile.txt
[187/969    0s] WriteText Library/Bee/artifacts/1900b0aE.dag/Unity.Addressables.rsp2
[188/969    0s] WriteText Library/Bee/artifacts/1900b0aE.dag/Unity.ScriptableBuildPipeline.UnityAdditionalFile.txt
[189/969    0s] WriteText Library/Bee/artifacts/1900b0aE.dag/Unity.ScriptableBuildPipeline.rsp2
[190/969    0s] WriteText Library/Bee/artifacts/1900b0aE.dag/Unity.UnifiedRayTracing.Runtime.UnityAdditionalFile.txt
[191/969    0s] WriteText Library/Bee/artifacts/1900b0aE.dag/Unity.UnifiedRayTracing.Runtime.rsp2
[192/969    0s] WriteText Library/Bee/artifacts/1900b0aE.dag/Unity.RenderPipelines.Core.Runtime.Shared.rsp2
[193/969    0s] WriteText Library/Bee/artifacts/1900b0aE.dag/Unity.RenderPipelines.Core.Runtime.Shared.UnityAdditionalFile.txt
[194/969    0s] WriteText Library/Bee/artifacts/1900b0aE.dag/Unity.RenderPipeline.Universal.ShaderLibrary.rsp2
[195/969    0s] WriteText Library/Bee/artifacts/1900b0aE.dag/Unity.RenderPipeline.Universal.ShaderLibrary.UnityAdditionalFile.txt
[196/969    0s] WriteText Library/Bee/artifacts/1900b0aE.dag/Unity.RenderPipelines.Universal.Config.Runtime.rsp2
[197/969    0s] WriteText Library/Bee/artifacts/1900b0aE.dag/Unity.RenderPipelines.Universal.Config.Runtime.UnityAdditionalFile.txt
[198/969    0s] WriteText Library/Bee/artifacts/1900b0aE.dag/Unity.ScriptableBuildPipeline.dll.mvfrm.rsp
[199/969    1s] MovedFromExtractor Library/Bee/artifacts/mvdfrm/UnityEngine.VirtualTexturingModule.dll_7ADEEDA33D5E7889.mvfrm
[200/969    0s] WriteText Library/Bee/artifacts/1900b0aE.dag/Unity.RenderPipelines.GPUDriven.Runtime.dll.mvfrm.rsp
[201/969    0s] WriteText Library/Bee/artifacts/1900b0aE.dag/Unity.ScriptableBuildPipeline.rsp
[202/969    0s] WriteText Library/Bee/artifacts/1900b0aE.dag/Unity.RenderPipelines.GPUDriven.Runtime.rsp
[203/969    0s] WriteText Library/Bee/artifacts/1900b0aE.dag/Unity.UnifiedRayTracing.Runtime.dll.mvfrm.rsp
[204/969    0s] WriteText Library/Bee/artifacts/1900b0aE.dag/Unity.RenderPipelines.Core.Runtime.Shared.dll.mvfrm.rsp
[205/969    0s] WriteText Library/Bee/artifacts/1900b0aE.dag/Unity.UnifiedRayTracing.Runtime.rsp
[206/969    0s] WriteText Library/Bee/artifacts/1900b0aE.dag/Unity.RenderPipeline.Universal.ShaderLibrary.dll.mvfrm.rsp
[207/969    0s] WriteText Library/Bee/artifacts/1900b0aE.dag/Unity.Addressables.dll.mvfrm.rsp
[208/969    0s] WriteText Library/Bee/artifacts/1900b0aE.dag/Unity.RenderPipelines.Core.Runtime.Shared.rsp
[209/969    0s] WriteText Library/Bee/artifacts/1900b0aE.dag/Unity.RenderPipelines.Universal.Config.Runtime.dll.mvfrm.rsp
[210/969    0s] WriteText Library/Bee/artifacts/1900b0aE.dag/Unity.RenderPipeline.Universal.ShaderLibrary.rsp
[211/969    1s] MovedFromExtractor Library/Bee/artifacts/mvdfrm/UnityEditor.GraphViewModule.dll_9588DB19ECF06546.mvfrm
[212/969    0s] WriteText Library/Bee/artifacts/1900b0aE.dag/Unity.ScriptableBuildPipeline.Editor.rsp2
[213/969    0s] WriteText Library/Bee/artifacts/1900b0aE.dag/Unity.Addressables.rsp
[214/969    0s] WriteText Library/Bee/artifacts/1900b0aE.dag/Unity.RenderPipelines.Universal.Config.Runtime.rsp
[215/969    0s] WriteText Library/Bee/artifacts/1900b0aE.dag/Unity.ScriptableBuildPipeline.Editor.UnityAdditionalFile.txt
[216/969    0s] WriteText Library/Bee/artifacts/1900b0aE.dag/Unity.InternalAPIEngineBridge.004.rsp2
[217/969    0s] WriteText Library/Bee/artifacts/1900b0aE.dag/Unity.InternalAPIEngineBridge.004.UnityAdditionalFile.txt
[218/969    0s] WriteText Library/Bee/artifacts/1900b0aE.dag/Unity.RenderPipelines.Core.Editor.rsp2
[219/969    0s] WriteText Library/Bee/artifacts/1900b0aE.dag/Unity.RenderPipelines.Core.Editor.UnityAdditionalFile.txt
[220/969    0s] WriteText Library/Bee/artifacts/1900b0aE.dag/Unity.RenderPipelines.Universal.Runtime.rsp2
[221/969    0s] WriteText Library/Bee/artifacts/1900b0aE.dag/Unity.RenderPipelines.Universal.Runtime.UnityAdditionalFile.txt
[222/969    0s] WriteText Library/Bee/artifacts/1900b0aE.dag/Unity.Postprocessing.Runtime.UnityAdditionalFile.txt
[223/969    0s] WriteText Library/Bee/artifacts/1900b0aE.dag/Unity.Postprocessing.Runtime.rsp2
[224/969    0s] WriteText Library/Bee/artifacts/1900b0aE.dag/Unity.ScriptableBuildPipeline.Editor.dll.mvfrm.rsp
[225/969    0s] WriteText Library/Bee/artifacts/1900b0aE.dag/Unity.InternalAPIEngineBridge.004.dll.mvfrm.rsp
[226/969    0s] WriteText Library/Bee/artifacts/1900b0aE.dag/Unity.ScriptableBuildPipeline.Editor.rsp
[227/969    0s] WriteText Library/Bee/artifacts/1900b0aE.dag/Unity.InternalAPIEngineBridge.004.rsp
[228/969    0s] WriteText Library/Bee/artifacts/1900b0aE.dag/Unity.Searcher.Editor.rsp2
[229/969    0s] WriteText Library/Bee/artifacts/1900b0aE.dag/Unity.RenderPipelines.Core.Editor.dll.mvfrm.rsp
[230/969    0s] WriteText Library/Bee/artifacts/1900b0aE.dag/Unity.RenderPipelines.Universal.Runtime.dll.mvfrm.rsp
[231/969    0s] WriteText Library/Bee/artifacts/1900b0aE.dag/Unity.Searcher.Editor.UnityAdditionalFile.txt
[232/969    0s] WriteText Library/Bee/artifacts/1900b0aE.dag/Unity.Postprocessing.Runtime.dll.mvfrm.rsp
[233/969    0s] WriteText Library/Bee/artifacts/1900b0aE.dag/Unity.RenderPipelines.Universal.Runtime.rsp
[234/969    0s] WriteText Library/Bee/artifacts/1900b0aE.dag/Unity.RenderPipelines.Core.Editor.rsp
[235/969    0s] WriteText Library/Bee/artifacts/1900b0aE.dag/Unity.Addressables.Editor.UnityAdditionalFile.txt
[236/969    0s] WriteText Library/Bee/artifacts/1900b0aE.dag/Unity.Postprocessing.Runtime.rsp
[237/969    0s] WriteText Library/Bee/artifacts/1900b0aE.dag/Unity.Addressables.Editor.rsp2
[238/969    0s] WriteText Library/Bee/artifacts/1900b0aE.dag/Unity.TextMeshPro.UnityAdditionalFile.txt
[239/969    0s] WriteText Library/Bee/artifacts/1900b0aE.dag/Unity.TextMeshPro.rsp2
[240/969    0s] WriteResponseFile Library/Bee/artifacts/rsp/4747638433968585886.rsp
[241/969    0s] WriteText Library/Bee/artifacts/1900b0aE.dag/Unity.Timeline.UnityAdditionalFile.txt
[242/969    0s] WriteText Library/Bee/artifacts/1900b0aE.dag/Unity.ShaderGraph.Utilities.rsp2
[243/969    0s] WriteText Library/Bee/artifacts/1900b0aE.dag/Unity.ShaderGraph.Utilities.UnityAdditionalFile.txt
[244/969    0s] WriteText Library/Bee/artifacts/1900b0aE.dag/Unity.Timeline.rsp2
[245/969    0s] WriteText Library/Bee/artifacts/1900b0aE.dag/Unity.Searcher.Editor.dll.mvfrm.rsp
[246/969    0s] WriteText Library/Bee/artifacts/1900b0aE.dag/Unity.Searcher.Editor.rsp
[247/969    0s] WriteText Library/Bee/artifacts/1900b0aE.dag/Unity.ShaderGraph.Utilities.dll.mvfrm.rsp
[248/969    0s] WriteText Library/Bee/artifacts/1900b0aE.dag/Unity.AI.Navigation.Editor.ConversionSystem.UnityAdditionalFile.txt
[249/969    0s] WriteText Library/Bee/artifacts/1900b0aE.dag/Unity.AI.Navigation.Editor.ConversionSystem.rsp2
[250/969    0s] WriteText Library/Bee/artifacts/1900b0aE.dag/Unity.AI.Navigation.rsp2
[251/969    0s] WriteText Library/Bee/artifacts/1900b0aE.dag/Unity.AI.Navigation.UnityAdditionalFile.txt
[252/969    0s] WriteText Library/Bee/artifacts/1900b0aE.dag/Unity.ShaderGraph.Utilities.rsp
[253/969    0s] WriteText Library/Bee/artifacts/1900b0aE.dag/Unity.Postprocessing.Editor.rsp2
[254/969    0s] WriteText Library/Bee/artifacts/1900b0aE.dag/Unity.Postprocessing.Editor.UnityAdditionalFile.txt
[255/969    0s] WriteText Library/Bee/artifacts/1900b0aE.dag/Unity.TextMeshPro.dll.mvfrm.rsp
[256/969    0s] WriteText Library/Bee/artifacts/1900b0aE.dag/Unity.Addressables.Editor.dll.mvfrm.rsp
[257/969    0s] WriteText Library/Bee/artifacts/1900b0aE.dag/Unity.TextMeshPro.rsp
[258/969    0s] WriteText Library/Bee/artifacts/1900b0aE.dag/Unity.RenderPipelines.Core.Editor.Shared.rsp2
[259/969    1s] MovedFromExtractor Library/Bee/artifacts/mvdfrm/UnityEngine.WindModule.dll_01F98A5A2D766414.mvfrm
[260/969    0s] WriteText Library/Bee/artifacts/1900b0aE.dag/Unity.RenderPipelines.Core.Editor.Shared.UnityAdditionalFile.txt
[261/969    0s] WriteText Library/Bee/artifacts/1900b0aE.dag/Unity.Mathematics.Editor.rsp2
[262/969    0s] WriteText Library/Bee/artifacts/1900b0aE.dag/Unity.Mathematics.Editor.UnityAdditionalFile.txt
[263/969    0s] WriteText Library/Bee/artifacts/1900b0aE.dag/Unity.RenderPipelines.Universal.2D.Runtime.UnityAdditionalFile.txt
[264/969    0s] WriteText Library/Bee/artifacts/1900b0aE.dag/Unity.RenderPipelines.Universal.2D.Runtime.rsp2
[265/969    0s] WriteText Library/Bee/artifacts/1900b0aE.dag/Unity.Burst.Editor.UnityAdditionalFile.txt
[266/969    0s] WriteText Library/Bee/artifacts/1900b0aE.dag/Unity.ShaderGraph.Editor.rsp2
[267/969    0s] WriteText Library/Bee/artifacts/1900b0aE.dag/Unity.ShaderGraph.Editor.UnityAdditionalFile.txt
[268/969    0s] WriteText Library/Bee/artifacts/1900b0aE.dag/Unity.Burst.Editor.rsp2
[269/969    0s] WriteText Library/Bee/artifacts/1900b0aE.dag/Unity.Timeline.dll.mvfrm.rsp
[270/969    0s] WriteText Library/Bee/artifacts/1900b0aE.dag/Unity.Addressables.Editor.rsp
[271/969    0s] WriteText Library/Bee/artifacts/1900b0aE.dag/Unity.AI.Navigation.dll.mvfrm.rsp
[272/969    0s] WriteText Library/Bee/artifacts/1900b0aE.dag/Unity.AI.Navigation.Editor.ConversionSystem.dll.mvfrm.rsp
[273/969    0s] WriteText Library/Bee/artifacts/1900b0aE.dag/Unity.Timeline.rsp
[274/969    0s] WriteText Library/Bee/artifacts/1900b0aE.dag/Unity.InternalAPIEngineBridge.013.rsp2
[275/969    0s] WriteText Library/Bee/artifacts/1900b0aE.dag/Unity.InternalAPIEngineBridge.013.UnityAdditionalFile.txt
[276/969    0s] WriteText Library/Bee/artifacts/1900b0aE.dag/Unity.AI.Navigation.Editor.ConversionSystem.rsp
[277/969    0s] WriteText Library/Bee/artifacts/1900b0aE.dag/Unity.Postprocessing.Editor.rsp
[278/969    0s] WriteText Library/Bee/artifacts/1900b0aE.dag/Unity.AI.Navigation.rsp
[279/969    0s] WriteText Library/Bee/artifacts/1900b0aE.dag/Unity.InternalAPIEngineBridge.013.dll.mvfrm.rsp
[280/969    0s] WriteText Library/Bee/artifacts/1900b0aE.dag/Unity.ShaderGraph.Editor.dll.mvfrm.rsp
[281/969    0s] WriteText Library/Bee/artifacts/1900b0aE.dag/Unity.RenderPipelines.Universal.2D.Runtime.dll.mvfrm.rsp
[282/969    0s] WriteText Library/Bee/artifacts/1900b0aE.dag/Unity.RenderPipelines.Core.Editor.Shared.dll.mvfrm.rsp
[283/969    0s] WriteText Library/Bee/artifacts/1900b0aE.dag/Unity.Mathematics.Editor.dll.mvfrm.rsp
[284/969    0s] WriteText Library/Bee/artifacts/1900b0aE.dag/Unity.Burst.Editor.dll.mvfrm.rsp
[285/969    0s] WriteText Library/Bee/artifacts/1900b0aE.dag/Unity.RenderPipelines.Core.Editor.Shared.rsp
[286/969    0s] WriteText Library/Bee/artifacts/1900b0aE.dag/Unity.Mathematics.Editor.rsp
[287/969    0s] WriteText Library/Bee/artifacts/1900b0aE.dag/Unity.InternalAPIEngineBridge.013.rsp
[288/969    0s] WriteText Library/Bee/artifacts/1900b0aE.dag/Unity.RenderPipelines.Universal.2D.Runtime.rsp
[289/969    0s] WriteText Library/Bee/artifacts/1900b0aE.dag/Unity.Burst.Editor.rsp
[290/969    0s] WriteText Library/Bee/artifacts/1900b0aE.dag/UMA_Core.UnityAdditionalFile.txt
[291/969    0s] WriteText Library/Bee/artifacts/1900b0aE.dag/Unity.ShaderGraph.Editor.rsp
[292/969    0s] WriteText Library/Bee/artifacts/1900b0aE.dag/Unity.AI.Navigation.Editor.UnityAdditionalFile.txt
[293/969    0s] WriteText Library/Bee/artifacts/1900b0aE.dag/UMA_Core.rsp2
[294/969    0s] WriteText Library/Bee/artifacts/1900b0aE.dag/Unity.Localization.rsp2
[295/969    0s] WriteText Library/Bee/artifacts/1900b0aE.dag/Unity.Multiplayer.Center.Common.UnityAdditionalFile.txt
[296/969    0s] WriteText Library/Bee/artifacts/1900b0aE.dag/Unity.AI.Navigation.Editor.rsp2
[297/969    0s] WriteText Library/Bee/artifacts/1900b0aE.dag/Unity.Localization.UnityAdditionalFile.txt
[298/969    0s] WriteText Library/Bee/artifacts/1900b0aE.dag/Addressable_Editor.UnityAdditionalFile.txt
[299/969    0s] WriteText Library/Bee/artifacts/1900b0aE.dag/Unity.Multiplayer.Center.Common.rsp2
[300/969    0s] WriteText Library/Bee/artifacts/1900b0aE.dag/Unity.Multiplayer.Center.Common.dll.mvfrm.rsp
[301/969    0s] WriteText Library/Bee/artifacts/1900b0aE.dag/Addressable_Editor.rsp2
[302/969    0s] WriteText Library/Bee/artifacts/1900b0aE.dag/Unity.InternalAPIEditorBridge.013.UnityAdditionalFile.txt
[303/969    0s] WriteText Library/Bee/artifacts/1900b0aE.dag/Unity.InternalAPIEditorBridge.013.rsp2
[304/969    0s] WriteText Library/Bee/artifacts/1900b0aE.dag/Unity.AI.Navigation.Editor.dll.mvfrm.rsp
[305/969    0s] WriteText Library/Bee/artifacts/1900b0aE.dag/Unity.Localization.dll.mvfrm.rsp
[306/969    0s] WriteText Library/Bee/artifacts/1900b0aE.dag/Unity.RenderPipelines.Universal.Editor.UnityAdditionalFile.txt
[307/969    0s] WriteText Library/Bee/artifacts/1900b0aE.dag/Unity.RenderPipelines.Universal.Editor.rsp2
[308/969    0s] WriteText Library/Bee/artifacts/1900b0aE.dag/UMA_Core.dll.mvfrm.rsp
[309/969    0s] WriteText Library/Bee/artifacts/1900b0aE.dag/Unity.Multiplayer.Center.Common.rsp
[310/969    0s] WriteText Library/Bee/artifacts/1900b0aE.dag/Unity.AI.Navigation.Editor.rsp
[311/969    0s] WriteText Library/Bee/artifacts/1900b0aE.dag/Unity.Localization.rsp
[312/969    0s] WriteText Library/Bee/artifacts/1900b0aE.dag/Unity.InternalAPIEditorBridge.013.dll.mvfrm.rsp
[313/969    0s] WriteText Library/Bee/artifacts/1900b0aE.dag/Addressable_Editor.dll.mvfrm.rsp
[314/969    0s] WriteText Library/Bee/artifacts/1900b0aE.dag/UMA_Core.rsp
[315/969    0s] WriteText Library/Bee/artifacts/1900b0aE.dag/Unity.RenderPipelines.Universal.Editor.dll.mvfrm.rsp
[316/969    0s] WriteText Library/Bee/artifacts/1900b0aE.dag/Addressable_Editor.rsp
[317/969    0s] WriteText Library/Bee/artifacts/1900b0aE.dag/Unity.InternalAPIEditorBridge.013.rsp
[318/969    1s] MovedFromExtractor Library/Bee/artifacts/mvdfrm/UnityEngine.UnityWebRequestModule.dll_B50A8655FA75BB38.mvfrm
[319/969    0s] WriteText Library/Bee/artifacts/1900b0aE.dag/UMA_Examples.rsp2
[320/969    0s] WriteText Library/Bee/artifacts/1900b0aE.dag/Unity.RenderPipelines.Universal.Editor.rsp
[321/969    0s] WriteText Library/Bee/artifacts/1900b0aE.dag/UMA_Examples.UnityAdditionalFile.txt
[322/969    0s] WriteText Library/Bee/artifacts/1900b0aE.dag/UMA_Core_Editor.UnityAdditionalFile.txt
[323/969    0s] WriteText Library/Bee/artifacts/1900b0aE.dag/UMA_Core_Editor.rsp2
[324/969    0s] WriteText Library/Bee/artifacts/1900b0aE.dag/Unity.VisualStudio.Editor.rsp2
[325/969    0s] WriteText Library/Bee/artifacts/1900b0aE.dag/Unity.Rendering.LightTransport.Editor.rsp2
[326/969    0s] WriteText Library/Bee/artifacts/1900b0aE.dag/Unity.VisualStudio.Editor.UnityAdditionalFile.txt
[327/969    0s] WriteText Library/Bee/artifacts/1900b0aE.dag/Unity.AutoGroupGenerator.Editor.rsp2
[328/969    0s] WriteText Library/Bee/artifacts/1900b0aE.dag/Unity.AI.Navigation.Updater.rsp2
[329/969    0s] WriteText Library/Bee/artifacts/1900b0aE.dag/UnityEditor.UI.Analytics.rsp2
[330/969    0s] WriteText Library/Bee/artifacts/1900b0aE.dag/Unity.Collections.Editor.UnityAdditionalFile.txt
[331/969    0s] WriteText Library/Bee/artifacts/1900b0aE.dag/Unity.AutoGroupGenerator.Editor.UnityAdditionalFile.txt
[332/969    0s] WriteText Library/Bee/artifacts/1900b0aE.dag/Unity.RenderPipelines.Universal.2D.Editor.Overrides.UnityAdditionalFile.txt
[333/969    0s] WriteText Library/Bee/artifacts/1900b0aE.dag/Unity.RenderPipelines.Core.ShaderLibrary.rsp2
[334/969    0s] WriteText Library/Bee/artifacts/1900b0aE.dag/Unity.Localization.Editor.UnityAdditionalFile.txt
[335/969    0s] WriteText Library/Bee/artifacts/1900b0aE.dag/Unity.RenderPipelines.Core.ShaderLibrary.UnityAdditionalFile.txt
[336/969    0s] WriteText Library/Bee/artifacts/1900b0aE.dag/Unity.Collections.Editor.rsp2
[337/969    0s] WriteText Library/Bee/artifacts/1900b0aE.dag/Unity.RenderPipelines.ShaderGraph.ShaderGraphLibrary.rsp2
[338/969    0s] WriteText Library/Bee/artifacts/1900b0aE.dag/Unity.InputSystem.ForUI.UnityAdditionalFile.txt
[339/969    0s] WriteText Library/Bee/artifacts/1900b0aE.dag/Unity.Multiplayer.Center.Editor.rsp2
[340/969    0s] WriteText Library/Bee/artifacts/1900b0aE.dag/Unity.Timeline.Editor.UnityAdditionalFile.txt
[341/969    0s] WriteText Library/Bee/artifacts/1900b0aE.dag/Unity.TextMeshPro.Editor.UnityAdditionalFile.txt
[342/969    0s] WriteText Library/Bee/artifacts/1900b0aE.dag/Unity.InputSystem.ForUI.rsp2
[343/969    0s] WriteText Library/Bee/artifacts/1900b0aE.dag/Unity.Multiplayer.Center.Editor.UnityAdditionalFile.txt
[344/969    0s] WriteText Library/Bee/artifacts/1900b0aE.dag/Unity.Localization.Editor.rsp2
[345/969    0s] WriteText Library/Bee/artifacts/1900b0aE.dag/Unity.RenderPipelines.ShaderGraph.ShaderGraphLibrary.UnityAdditionalFile.txt
[346/969    0s] WriteText Library/Bee/artifacts/1900b0aE.dag/UnityEditor.UI.Analytics.UnityAdditionalFile.txt
[347/969    0s] WriteText Library/Bee/artifacts/1900b0aE.dag/Unity.2D.Sprite.Editor.UnityAdditionalFile.txt
[348/969    0s] WriteText Library/Bee/artifacts/1900b0aE.dag/Unity.Rendering.LightTransport.Editor.UnityAdditionalFile.txt
[349/969    0s] WriteText Library/Bee/artifacts/1900b0aE.dag/Unity.2D.Sprite.Editor.rsp2
[350/969    0s] WriteText Library/Bee/artifacts/1900b0aE.dag/Unity.RenderPipelines.Universal.Shaders.rsp2
[351/969    0s] WriteText Library/Bee/artifacts/1900b0aE.dag/Unity.Postprocessing.Editor.dll.mvfrm.rsp
[352/969    0s] WriteText Library/Bee/artifacts/1900b0aE.dag/Unity.AI.Navigation.Updater.UnityAdditionalFile.txt
[353/969    0s] WriteText Library/Bee/artifacts/1900b0aE.dag/Unity.RenderPipelines.Universal.Shaders.UnityAdditionalFile.txt
[354/969    0s] WriteText Library/Bee/artifacts/1900b0aE.dag/Unity.RenderPipelines.Universal.2D.Editor.Overrides.rsp2
[355/969    0s] WriteText Library/Bee/artifacts/1900b0aE.dag/Unity.VisualStudio.Editor.dll.mvfrm.rsp
[356/969    0s] WriteText Library/Bee/artifacts/1900b0aE.dag/UMA_Examples.dll.mvfrm.rsp
[357/969    0s] WriteText Library/Bee/artifacts/1900b0aE.dag/UMA_Core_Editor.dll.mvfrm.rsp
[358/969    0s] WriteText Library/Bee/artifacts/1900b0aE.dag/UnityEditor.UI.Analytics.dll.mvfrm.rsp
[359/969    0s] WriteText Library/Bee/artifacts/1900b0aE.dag/Unity.TextMeshPro.Editor.dll.mvfrm.rsp
[360/969    0s] WriteText Library/Bee/artifacts/1900b0aE.dag/Unity.Multiplayer.Center.Editor.dll.mvfrm.rsp
[361/969    0s] WriteText Library/Bee/artifacts/1900b0aE.dag/Unity.2D.Sprite.Editor.dll.mvfrm.rsp
[362/969    0s] WriteText Library/Bee/artifacts/1900b0aE.dag/Unity.InputSystem.ForUI.dll.mvfrm.rsp
[363/969    0s] WriteText Library/Bee/artifacts/1900b0aE.dag/Unity.Timeline.Editor.rsp2
[364/969    0s] WriteText Library/Bee/artifacts/1900b0aE.dag/Unity.Localization.Editor.dll.mvfrm.rsp
[365/969    0s] WriteText Library/Bee/artifacts/1900b0aE.dag/Unity.RenderPipelines.Universal.2D.Editor.Overrides.dll.mvfrm.rsp
[366/969    0s] WriteText Library/Bee/artifacts/1900b0aE.dag/Unity.Collections.Editor.dll.mvfrm.rsp
[367/969    0s] WriteText Library/Bee/artifacts/1900b0aE.dag/Unity.RenderPipelines.ShaderGraph.ShaderGraphLibrary.dll.mvfrm.rsp
[368/969    0s] WriteText Library/Bee/artifacts/1900b0aE.dag/Unity.AutoGroupGenerator.Editor.dll.mvfrm.rsp
[369/969    0s] WriteText Library/Bee/artifacts/1900b0aE.dag/Unity.RenderPipelines.Universal.Shaders.dll.mvfrm.rsp
[370/969    0s] WriteText Library/Bee/artifacts/1900b0aE.dag/Unity.AI.Navigation.Updater.dll.mvfrm.rsp
[371/969    0s] WriteText Library/Bee/artifacts/1900b0aE.dag/Unity.RenderPipelines.Core.ShaderLibrary.dll.mvfrm.rsp
[372/969    0s] WriteText Library/Bee/artifacts/1900b0aE.dag/Unity.Rendering.LightTransport.Editor.dll.mvfrm.rsp
[373/969    0s] WriteText Library/Bee/artifacts/1900b0aE.dag/Unity.Timeline.Editor.dll.mvfrm.rsp
[374/969    0s] WriteText Library/Bee/artifacts/1900b0aE.dag/UMA_Examples.rsp
[375/969    0s] WriteText Library/Bee/artifacts/1900b0aE.dag/UMA_Core_Editor.rsp
[376/969    0s] WriteText Library/Bee/artifacts/1900b0aE.dag/Unity.VisualStudio.Editor.rsp
[377/969    0s] WriteText Library/Bee/artifacts/1900b0aE.dag/Unity.TextMeshPro.Editor.rsp2
[378/969    0s] WriteText Library/Bee/artifacts/1900b0aE.dag/Unity.RenderPipelines.Core.ShaderLibrary.rsp
[379/969    0s] WriteText Library/Bee/artifacts/1900b0aE.dag/Unity.Localization.Editor.rsp
[380/969    0s] WriteText Library/Bee/artifacts/1900b0aE.dag/Unity.RenderPipelines.Universal.2D.Editor.Overrides.rsp
[381/969    0s] WriteText Library/Bee/artifacts/1900b0aE.dag/Unity.RenderPipelines.Universal.Shaders.rsp
[382/969    0s] WriteText Library/Bee/artifacts/1900b0aE.dag/Unity.Rendering.LightTransport.Editor.rsp
[383/969    0s] WriteText Library/Bee/artifacts/1900b0aE.dag/Unity.Timeline.Editor.rsp
[384/969    0s] WriteText Library/Bee/artifacts/1900b0aE.dag/Unity.TextMeshPro.Editor.rsp
[385/969    0s] WriteText Library/Bee/artifacts/1900b0aE.dag/Unity.InputSystem.ForUI.rsp
[386/969    0s] WriteText Library/Bee/artifacts/1900b0aE.dag/Unity.RenderPipelines.ShaderGraph.ShaderGraphLibrary.rsp
[387/969    0s] WriteText Library/Bee/artifacts/1900b0aE.dag/Unity.2D.Sprite.Editor.rsp
[388/969    1s] MovedFromExtractor Library/Bee/artifacts/mvdfrm/UnityEditor.WindowsStandalone.Extensions.dll_9A15020DC82F1F20.mvfrm
[389/969    0s] WriteText Library/Bee/artifacts/1900b0aE.dag/Unity.AI.Navigation.Updater.rsp
[390/969    0s] WriteText Library/Bee/artifacts/1900b0aE.dag/UnityEditor.UI.Analytics.rsp
[391/969    0s] WriteText Library/Bee/artifacts/1900b0aE.dag/Unity.Collections.Editor.rsp
[392/969    0s] WriteText Library/Bee/artifacts/1900b0aE.dag/Unity.AutoGroupGenerator.Editor.rsp
[393/969    0s] WriteText Library/Bee/artifacts/1900b0aE.dag/Unity.Multiplayer.Center.Editor.rsp
[394/969    0s] WriteText Library/Bee/artifacts/1900b0aE.dag/Shaderpackager-editor.rsp2
[395/969    0s] WriteText Library/Bee/artifacts/1900b0aE.dag/Textus.SerializeReferenceUI.UnityAdditionalFile.txt
[396/969    0s] WriteText Library/Bee/artifacts/1900b0aE.dag/Textus.SerializeReferenceUI.rsp2
[397/969    0s] WriteText Library/Bee/artifacts/1900b0aE.dag/Shaderpackager-editor.UnityAdditionalFile.txt
[398/969    0s] WriteText Library/Bee/artifacts/1900b0aE.dag/PPv2URPConverters.rsp2
[399/969    0s] WriteText Library/Bee/artifacts/1900b0aE.dag/com.cqf.urpoutline.rsp2
[400/969    0s] WriteText Library/Bee/artifacts/1900b0aE.dag/UMA_Examples_Editor.UnityAdditionalFile.txt
[401/969    0s] WriteText Library/Bee/artifacts/1900b0aE.dag/UMA_Content.rsp2
[402/969    0s] WriteText Library/Bee/artifacts/1900b0aE.dag/UMA_Content.UnityAdditionalFile.txt
[403/969    0s] WriteText Library/Bee/artifacts/1900b0aE.dag/UMA_Examples_Editor.rsp2
[404/969    0s] WriteText Library/Bee/artifacts/1900b0aE.dag/PPv2URPConverters.UnityAdditionalFile.txt
[405/969    0s] WriteText Library/Bee/artifacts/1900b0aE.dag/com.cqf.urpoutline.UnityAdditionalFile.txt
[406/969    0s] WriteText Library/Bee/artifacts/1900b0aE.dag/Unity.PerformanceTesting.rsp2
[407/969    0s] WriteText Library/Bee/artifacts/1900b0aE.dag/com.cqf.urpoutline.dll.mvfrm.rsp
[408/969    0s] WriteText Library/Bee/artifacts/1900b0aE.dag/Unity.PerformanceTesting.UnityAdditionalFile.txt
[409/969    0s] WriteText Library/Bee/artifacts/1900b0aE.dag/Shaderpackager-editor.dll.mvfrm.rsp
[410/969    0s] WriteText Library/Bee/artifacts/1900b0aE.dag/Unity.PerformanceTesting.dll.mvfrm.rsp
[411/969    0s] WriteText Library/Bee/artifacts/1900b0aE.dag/UMA_Examples_Editor.dll.mvfrm.rsp
[412/969    0s] WriteText Library/Bee/artifacts/1900b0aE.dag/UMA_Content.dll.mvfrm.rsp
[413/969    0s] WriteText Library/Bee/artifacts/1900b0aE.dag/PPv2URPConverters.dll.mvfrm.rsp
[414/969    0s] WriteText Library/Bee/artifacts/1900b0aE.dag/Textus.SerializeReferenceUI.rsp
[415/969    0s] WriteText Library/Bee/artifacts/1900b0aE.dag/Unity.PerformanceTesting.rsp
[416/969    0s] WriteText Library/Bee/artifacts/1900b0aE.dag/UMA_Content.rsp
[417/969    0s] WriteText Library/Bee/artifacts/1900b0aE.dag/com.cqf.urpoutline.rsp
[418/969    0s] WriteText Library/Bee/artifacts/1900b0aE.dag/PPv2URPConverters.rsp
[419/969    0s] WriteText Library/Bee/artifacts/1900b0aE.dag/Assembly-CSharp.UnityAdditionalFile.txt
[420/969    0s] WriteText Library/Bee/artifacts/1900b0aE.dag/Shaderpackager-editor.rsp
[421/969    0s] WriteText Library/Bee/artifacts/1900b0aE.dag/UMA_Examples_Editor.rsp
[422/969    0s] WriteText Library/Bee/artifacts/1900b0aE.dag/Assembly-CSharp.rsp2
[423/969    0s] WriteText Library/Bee/artifacts/1900b0aE.dag/Assembly-CSharp.dll.mvfrm.rsp
[424/969    0s] WriteText Library/Bee/artifacts/1900b0aE.dag/Unity.InputSystem.TestFramework.dll.mvfrm.rsp
[425/969    0s] WriteText Library/Bee/artifacts/1900b0aE.dag/Unity.InputSystem.TestFramework.rsp2
[426/969    0s] WriteText Library/Bee/artifacts/1900b0aE.dag/Assembly-CSharp.rsp
[427/969    0s] WriteText Library/Bee/artifacts/1900b0aE.dag/Unity.InputSystem.DocCodeSamples.dll.mvfrm.rsp
[428/969    0s] WriteText Library/Bee/artifacts/1900b0aE.dag/Unity.InputSystem.TestFramework.UnityAdditionalFile.txt
[429/969    0s] WriteText Library/Bee/artifacts/1900b0aE.dag/Textus.SerializeReferenceUI.dll.mvfrm.rsp
[430/969    0s] WriteText Library/Bee/artifacts/1900b0aE.dag/Unity.Addressables.DocExampleCode.Editor.Tests.dll.mvfrm.rsp
[431/969    0s] WriteText Library/Bee/artifacts/1900b0aE.dag/Assembly-CSharp-Editor.dll.mvfrm.rsp
[432/969    0s] WriteText Library/Bee/artifacts/1900b0aE.dag/Unity.PerformanceTesting.Editor.dll.mvfrm.rsp
[433/969    0s] WriteText Library/Bee/artifacts/1900b0aE.dag/Unity.InputSystem.DocCodeSamples.rsp2
[434/969    1s] MovedFromExtractor Library/Bee/artifacts/mvdfrm/UnityEngine.XRModule.dll_BDFBF7E83701D156.mvfrm
[435/969    0s] WriteText Library/Bee/artifacts/1900b0aE.dag/Unity.InputSystem.TestFramework.rsp
[436/969    0s] WriteText Library/Bee/artifacts/1900b0aE.dag/Unity.InputSystem.DocCodeSamples.UnityAdditionalFile.txt
[437/969    0s] WriteText Library/Bee/artifacts/1900b0aE.dag/Unity.Addressables.DocExampleCode.Editor.Tests.rsp2
[438/969    0s] WriteText Library/Bee/artifacts/1900b0aE.dag/Unity.PerformanceTesting.Editor.UnityAdditionalFile.txt
[439/969    0s] WriteText Library/Bee/artifacts/1900b0aE.dag/Assembly-CSharp-Editor.UnityAdditionalFile.txt
[440/969    0s] WriteText Library/Bee/artifacts/1900b0aE.dag/Unity.PerformanceTesting.Editor.rsp2
[441/969    0s] WriteText Library/Bee/artifacts/1900b0aE.dag/Assembly-CSharp-Editor.rsp2
[442/969    0s] WriteText Library/Bee/artifacts/1900b0aE.dag/Unity.InputSystem.DocCodeSamples.rsp
[443/969    0s] WriteText Library/Bee/artifacts/1900b0aE.dag/Unity.Addressables.DocExampleCode.Editor.Tests.UnityAdditionalFile.txt
[444/969    0s] WriteResponseFile Library/Bee/artifacts/rsp/11609355203541698906.rsp
[445/969    0s] WriteText Library/Bee/artifacts/1900b0aE.dag/Unity.PerformanceTesting.Editor.rsp
[446/969    0s] WriteText Library/Bee/artifacts/1900b0aE.dag/Assembly-CSharp-Editor.rsp
[447/969    0s] WriteText Library/Bee/artifacts/1900b0aE.dag/Unity.Addressables.DocExampleCode.Editor.Tests.rsp
[448/969    0s] WriteResponseFile Library/Bee/artifacts/rsp/9870516708743257357.rsp
[449/969    0s] WriteResponseFile Library/Bee/artifacts/rsp/3064155424177982801.rsp
[450/969    0s] WriteResponseFile Library/Bee/artifacts/rsp/5803490648119114145.rsp
[451/969    0s] WriteResponseFile Library/Bee/artifacts/rsp/18218310762646611085.rsp
[452/969    0s] WriteResponseFile Library/Bee/artifacts/rsp/17895741563143822187.rsp
[453/969    1s] MovedFromExtractor Library/Bee/artifacts/mvdfrm/UnityEngine.VRModule.dll_8B3D34E3ADC783F8.mvfrm
[454/969    0s] WriteResponseFile Library/Bee/artifacts/rsp/10242357726576751070.rsp
[455/969    0s] WriteResponseFile Library/Bee/artifacts/rsp/8899139255040401798.rsp
[456/969    0s] WriteResponseFile Library/Bee/artifacts/rsp/11294775302662683298.rsp
[457/969    0s] WriteResponseFile Library/Bee/artifacts/rsp/2157608619508796868.rsp
[458/969    0s] WriteResponseFile Library/Bee/artifacts/rsp/10545584410790316766.rsp
[459/969    0s] WriteResponseFile Library/Bee/artifacts/rsp/12743953686143551850.rsp
[460/969    0s] WriteResponseFile Library/Bee/artifacts/rsp/11169319360261780333.rsp
[461/969    0s] WriteResponseFile Library/Bee/artifacts/rsp/5546506141355401238.rsp
[462/969    0s] WriteResponseFile Library/Bee/artifacts/rsp/13686715218353603589.rsp
[463/969    0s] WriteResponseFile Library/Bee/artifacts/rsp/3232911574759799904.rsp
[464/969    0s] WriteResponseFile Library/Bee/artifacts/rsp/4014436084419441659.rsp
[465/969    0s] WriteResponseFile Library/Bee/artifacts/rsp/10654825778349625970.rsp
[466/969    0s] WriteResponseFile Library/Bee/artifacts/rsp/1237274906319909237.rsp
[467/969    0s] WriteResponseFile Library/Bee/artifacts/rsp/10678863128556690338.rsp
[468/969    0s] WriteResponseFile Library/Bee/artifacts/rsp/14832617886295879631.rsp
[469/969    0s] WriteResponseFile Library/Bee/artifacts/rsp/1418726328684876121.rsp
[470/969    0s] WriteResponseFile Library/Bee/artifacts/rsp/17525389461119239690.rsp
[471/969    0s] WriteResponseFile Library/Bee/artifacts/rsp/10411718816959651794.rsp
[472/969    0s] WriteResponseFile Library/Bee/artifacts/rsp/17346584914308636752.rsp
[473/969    0s] WriteResponseFile Library/Bee/artifacts/rsp/10397561839769426034.rsp
[474/969    0s] WriteResponseFile Library/Bee/artifacts/rsp/7606483801609891643.rsp
[475/969    0s] WriteResponseFile Library/Bee/artifacts/rsp/15085861467720516389.rsp
[476/969    0s] WriteResponseFile Library/Bee/artifacts/rsp/13124968201089780350.rsp
[477/969    0s] WriteResponseFile Library/Bee/artifacts/rsp/5916180605834378387.rsp
[478/969    0s] WriteResponseFile Library/Bee/artifacts/rsp/11066993399717982541.rsp
[479/969    0s] WriteResponseFile Library/Bee/artifacts/rsp/7882675386675743294.rsp
[480/969    0s] WriteResponseFile Library/Bee/artifacts/rsp/2897256077774953845.rsp
[481/969    0s] WriteResponseFile Library/Bee/artifacts/rsp/15920670030658061793.rsp
[482/969    0s] WriteResponseFile Library/Bee/artifacts/rsp/10142702499866438521.rsp
[483/969    0s] WriteResponseFile Library/Bee/artifacts/rsp/10010842633742469623.rsp
[484/969    0s] WriteResponseFile Library/Bee/artifacts/rsp/13909235412005675431.rsp
[485/969    0s] WriteResponseFile Library/Bee/artifacts/rsp/11120222558271035938.rsp
[486/969    0s] WriteResponseFile Library/Bee/artifacts/rsp/16285879237017002407.rsp
[487/969    0s] WriteResponseFile Library/Bee/artifacts/rsp/6262281476893245489.rsp
[488/969    0s] WriteResponseFile Library/Bee/artifacts/rsp/3648465134513896125.rsp
[489/969    0s] WriteResponseFile Library/Bee/artifacts/rsp/14566447020836459352.rsp
[490/969    0s] WriteResponseFile Library/Bee/artifacts/rsp/9675442845102135732.rsp
[491/969    0s] WriteResponseFile Library/Bee/artifacts/rsp/15394042617203071315.rsp
[492/969    0s] WriteResponseFile Library/Bee/artifacts/rsp/1488387367365330867.rsp
[493/969    0s] WriteResponseFile Library/Bee/artifacts/rsp/14402696373757716438.rsp
[494/969    0s] WriteResponseFile Library/Bee/artifacts/rsp/7168266853217099875.rsp
[495/969    0s] WriteResponseFile Library/Bee/artifacts/rsp/8863518860715653438.rsp
[496/969    0s] WriteResponseFile Library/Bee/artifacts/rsp/12248871281822510316.rsp
[497/969    0s] WriteResponseFile Library/Bee/artifacts/rsp/14814235663552238418.rsp
[498/969    0s] WriteResponseFile Library/Bee/artifacts/rsp/12812556936427222528.rsp
[499/969    0s] WriteResponseFile Library/Bee/artifacts/rsp/10831531723267835799.rsp
[500/969    0s] WriteResponseFile Library/Bee/artifacts/rsp/10292501669419677951.rsp
[501/969    0s] WriteResponseFile Library/Bee/artifacts/rsp/2781082588993088484.rsp
[502/969    0s] WriteResponseFile Library/Bee/artifacts/rsp/14485061826818414241.rsp
[503/969    0s] WriteResponseFile Library/Bee/artifacts/rsp/18304292334191825425.rsp
[504/969    0s] WriteResponseFile Library/Bee/artifacts/rsp/5911977034782725635.rsp
[505/969    0s] WriteResponseFile Library/Bee/artifacts/rsp/2748579161423703319.rsp
[506/969    0s] WriteResponseFile Library/Bee/artifacts/rsp/906821351382753394.rsp
[507/969    0s] WriteResponseFile Library/Bee/artifacts/rsp/9703144790800738880.rsp
[508/969    0s] WriteResponseFile Library/Bee/artifacts/rsp/11820488456832421373.rsp
[509/969    0s] WriteResponseFile Library/Bee/artifacts/rsp/12900333509587573630.rsp
[510/969    0s] WriteResponseFile Library/Bee/artifacts/rsp/17296387151066238333.rsp
[511/969    0s] WriteResponseFile Library/Bee/artifacts/rsp/14006563350550767385.rsp
[512/969    0s] WriteResponseFile Library/Bee/artifacts/rsp/17242669345997350737.rsp
[513/969    0s] WriteResponseFile Library/Bee/artifacts/rsp/15183149355271759364.rsp
[514/969    0s] WriteResponseFile Library/Bee/artifacts/rsp/6841316898876630997.rsp
[515/969    0s] WriteResponseFile Library/Bee/artifacts/rsp/5882689029781847831.rsp
[516/969    0s] WriteResponseFile Library/Bee/artifacts/rsp/2400031028012695012.rsp
[517/969    0s] WriteResponseFile Library/Bee/artifacts/rsp/4772145154433932943.rsp
[518/969    0s] WriteResponseFile Library/Bee/artifacts/rsp/7902948547077102519.rsp
[519/969    0s] WriteResponseFile Library/Bee/artifacts/rsp/6947401630772442630.rsp
[520/969    1s] MovedFromExtractor Library/Bee/artifacts/mvdfrm/Unity.Burst.Cecil.Pdb.dll_842AEECD51D0F16F.mvfrm
[521/969    1s] MovedFromExtractor Library/Bee/artifacts/mvdfrm/Unity.Burst.Unsafe.dll_D6A22AC808BC75F4.mvfrm
[522/969    1s] MovedFromExtractor Library/Bee/artifacts/mvdfrm/Unity.CompilationPipeline.Common.dll_E218B0DD7E0DE72E.mvfrm
[523/969    1s] MovedFromExtractor Library/Bee/artifacts/mvdfrm/UnityEngine.NVIDIAModule.dll_65C663E4A5D24D77.mvfrm
[524/969    1s] MovedFromExtractor Library/Bee/artifacts/mvdfrm/UnityEngine.HierarchyModule.dll_38E2D2DE904F55ED.mvfrm
[525/969    0s] MovedFromExtractor Library/Bee/artifacts/mvdfrm/Unity.Burst.Cecil.Mdb.dll_6CD8765DD31BEFEC.mvfrm
[526/969    1s] MovedFromExtractor-Combine Library/Bee/artifacts/1900b0aE.dag/UnityEngine.UI.dll.mvfrm
[527/969    1s] MovedFromExtractor-Combine Library/Bee/artifacts/1900b0aE.dag/UnityEngine.TestRunner.dll.mvfrm
[528/969    1s] MovedFromExtractor Library/Bee/artifacts/mvdfrm/Unity.Burst.Cecil.dll_33E0CC4E308768EF.mvfrm
[529/969    2s] MovedFromExtractor Library/Bee/artifacts/mvdfrm/Unity.Burst.Cecil.Rocks.dll_4C2808B8211B856F.mvfrm
[530/969    1s] MovedFromExtractor Library/Bee/artifacts/mvdfrm/Unity.Localization.ThirdParty.Editor.dll_1D873D7E108A635C.mvfrm
[BUSY       6s] Csc Library/Bee/artifacts/1900b0aE.dag/UnityEngine.UI.dll (+2 others)
[531/969   10s] Csc Library/Bee/artifacts/1900b0aE.dag/UnityEngine.UI.dll (+2 others)
[532/969   10s] Csc Library/Bee/artifacts/1900b0aE.dag/UnityEngine.TestRunner.dll (+2 others)
[           0s] Csc Library/Bee/artifacts/1900b0aE.dag/UnityEngine.TestRunner.dll (+2 others) [CacheWrite 00000000000000000000000000000005]
[           0s] Csc Library/Bee/artifacts/1900b0aE.dag/UnityEngine.UI.dll (+2 others) [CacheWrite 00000000000000000000000000000005]
[533/969    0s] CopyFiles Library/ScriptAssemblies/UnityEngine.TestRunner.pdb
[534/969    0s] CopyFiles Library/ScriptAssemblies/UnityEngine.TestRunner.dll
[535/969    1s] MovedFromExtractor Library/Bee/artifacts/mvdfrm/UnityEngine.TestRunner.ref.dll_E55D0F7C63F01D9E.mvfrm
[536/969    1s] MovedFromExtractor Library/Bee/artifacts/mvdfrm/UnityEngine.UI.ref.dll_08FEAA520A2EFD60.mvfrm
[537/969    0s] MovedFromExtractor-Combine Library/Bee/artifacts/1900b0aE.dag/UnityEditor.TestRunner.dll.mvfrm
[538/969    2s] Csc Library/Bee/artifacts/1900b0aE.dag/UnityEditor.TestRunner.dll (+2 others)
[           0s] Csc Library/Bee/artifacts/1900b0aE.dag/UnityEditor.TestRunner.dll (+2 others) [CacheWrite 00000000000000000000000000000005]
[539/969    0s] CopyFiles Library/ScriptAssemblies/UnityEditor.TestRunner.pdb
[540/969    0s] CopyFiles Library/ScriptAssemblies/UnityEditor.TestRunner.dll
[541/969    0s] MovedFromExtractor Library/Bee/artifacts/mvdfrm/UnityEditor.TestRunner.ref.dll_193EC4CE382CBFB3.mvfrm
[542/969    0s] MovedFromExtractor-Combine Library/Bee/artifacts/1900b0aE.dag/UnityEditor.UI.dll.mvfrm
[543/969    0s] Csc Library/Bee/artifacts/1900b0aE.dag/UnityEditor.UI.dll (+2 others)
[           0s] Csc Library/Bee/artifacts/1900b0aE.dag/UnityEditor.UI.dll (+2 others) [CacheWrite 00000000000000000000000000000005]
[544/969    0s] MovedFromExtractor Library/Bee/artifacts/mvdfrm/UnityEditor.UI.ref.dll_4C98D3F7040CD4F5.mvfrm
[545/969    0s] MovedFromExtractor-Combine Library/Bee/artifacts/1900b0aE.dag/Unity.VisualStudio.Editor.dll.mvfrm
[546/969    0s] MovedFromExtractor-Combine Library/Bee/artifacts/1900b0aE.dag/Unity.Mathematics.dll.mvfrm
[547/969    0s] MovedFromExtractor-Combine Library/Bee/artifacts/1900b0aE.dag/Unity.Timeline.dll.mvfrm
[548/969    0s] MovedFromExtractor-Combine Library/Bee/artifacts/1900b0aE.dag/Unity.InternalAPIEngineBridge.004.dll.mvfrm
[549/969    0s] MovedFromExtractor-Combine Library/Bee/artifacts/1900b0aE.dag/Unity.Searcher.Editor.dll.mvfrm
[550/969    0s] MovedFromExtractor-Combine Library/Bee/artifacts/1900b0aE.dag/Unity.Multiplayer.Center.Common.dll.mvfrm
[551/969    0s] MovedFromExtractor-Combine Library/Bee/artifacts/1900b0aE.dag/Unity.Postprocessing.Runtime.dll.mvfrm
[552/969    0s] MovedFromExtractor-Combine Library/Bee/artifacts/1900b0aE.dag/Unity.InternalAPIEngineBridge.013.dll.mvfrm
[553/969    0s] MovedFromExtractor-Combine Library/Bee/artifacts/1900b0aE.dag/Unity.InputSystem.dll.mvfrm
[554/969    0s] MovedFromExtractor-Combine Library/Bee/artifacts/1900b0aE.dag/Unity.InternalAPIEditorBridge.013.dll.mvfrm
[555/969    0s] MovedFromExtractor-Combine Library/Bee/artifacts/1900b0aE.dag/Unity.ShaderGraph.Utilities.dll.mvfrm
[556/969    0s] MovedFromExtractor-Combine Library/Bee/artifacts/1900b0aE.dag/Unity.AI.Navigation.dll.mvfrm
[557/969    0s] MovedFromExtractor-Combine Library/Bee/artifacts/1900b0aE.dag/Unity.Burst.dll.mvfrm
[558/969    0s] MovedFromExtractor-Combine Library/Bee/artifacts/1900b0aE.dag/Unity.ScriptableBuildPipeline.dll.mvfrm
[559/969    0s] MovedFromExtractor-Combine Library/Bee/artifacts/1900b0aE.dag/Unity.AI.Navigation.Editor.ConversionSystem.dll.mvfrm
[560/969    0s] MovedFromExtractor-Combine Library/Bee/artifacts/1900b0aE.dag/Unity.Profiling.Core.dll.mvfrm
[561/969    0s] MovedFromExtractor-Combine Library/Bee/artifacts/1900b0aE.dag/Unity.RenderPipelines.Core.ShaderLibrary.dll.mvfrm
[562/969    0s] MovedFromExtractor-Combine Library/Bee/artifacts/1900b0aE.dag/Unity.RenderPipelines.Universal.Shaders.dll.mvfrm
[563/969    0s] MovedFromExtractor-Combine Library/Bee/artifacts/1900b0aE.dag/Unity.RenderPipelines.ShaderGraph.ShaderGraphLibrary.dll.mvfrm
[564/969    0s] MovedFromExtractor-Combine Library/Bee/artifacts/1900b0aE.dag/Unity.2D.Sprite.Editor.dll.mvfrm
[565/969    1s] Csc Library/Bee/artifacts/1900b0aE.dag/Unity.Multiplayer.Center.Common.dll (+2 others)
[566/969    1s] Csc Library/Bee/artifacts/1900b0aE.dag/Unity.InternalAPIEngineBridge.013.dll (+2 others)
[567/969    1s] Csc Library/Bee/artifacts/1900b0aE.dag/Unity.ShaderGraph.Utilities.dll (+2 others)
[568/969    1s] Csc Library/Bee/artifacts/1900b0aE.dag/Unity.InternalAPIEngineBridge.004.dll (+2 others)
[569/969    1s] Csc Library/Bee/artifacts/1900b0aE.dag/Unity.ScriptableBuildPipeline.dll (+2 others)
[570/969    1s] Csc Library/Bee/artifacts/1900b0aE.dag/Unity.InternalAPIEditorBridge.013.dll (+2 others)
[           0s] Csc Library/Bee/artifacts/1900b0aE.dag/Unity.InternalAPIEditorBridge.013.dll (+2 others) [CacheWrite 00000000000000000000000000000005]
[           0s] Csc Library/Bee/artifacts/1900b0aE.dag/Unity.Multiplayer.Center.Common.dll (+2 others) [CacheWrite 00000000000000000000000000000005]
[           0s] Csc Library/Bee/artifacts/1900b0aE.dag/Unity.ShaderGraph.Utilities.dll (+2 others) [CacheWrite 00000000000000000000000000000005]
[571/969    1s] Csc Library/Bee/artifacts/1900b0aE.dag/Unity.AI.Navigation.dll (+2 others)
[572/969    1s] Csc Library/Bee/artifacts/1900b0aE.dag/Unity.Timeline.dll (+2 others)
[           0s] Csc Library/Bee/artifacts/1900b0aE.dag/Unity.InternalAPIEngineBridge.013.dll (+2 others) [CacheWrite 00000000000000000000000000000005]
[           0s] Csc Library/Bee/artifacts/1900b0aE.dag/Unity.InternalAPIEngineBridge.004.dll (+2 others) [CacheWrite 00000000000000000000000000000005]
[573/969    1s] Csc Library/Bee/artifacts/1900b0aE.dag/Unity.Profiling.Core.dll (+2 others)
[574/969    0s] MovedFromExtractor-Combine Library/Bee/artifacts/1900b0aE.dag/Unity.Rendering.LightTransport.Editor.dll.mvfrm
[575/969    2s] Csc Library/Bee/artifacts/1900b0aE.dag/Unity.Searcher.Editor.dll (+2 others)
[576/969    2s] Csc Library/Bee/artifacts/1900b0aE.dag/Unity.Postprocessing.Runtime.dll (+2 others)
[577/969    2s] Csc Library/Bee/artifacts/1900b0aE.dag/Unity.AI.Navigation.Editor.ConversionSystem.dll (+2 others)
[           0s] Csc Library/Bee/artifacts/1900b0aE.dag/Unity.ScriptableBuildPipeline.dll (+2 others) [CacheWrite 00000000000000000000000000000005]
[           0s] Csc Library/Bee/artifacts/1900b0aE.dag/Unity.Searcher.Editor.dll (+2 others) [CacheWrite 00000000000000000000000000000005]
[           0s] Csc Library/Bee/artifacts/1900b0aE.dag/Unity.Timeline.dll (+2 others) [CacheWrite 00000000000000000000000000000005]
[           0s] Csc Library/Bee/artifacts/1900b0aE.dag/Unity.AI.Navigation.Editor.ConversionSystem.dll (+2 others) [CacheWrite 00000000000000000000000000000005]
[           0s] Csc Library/Bee/artifacts/1900b0aE.dag/Unity.Postprocessing.Runtime.dll (+2 others) [CacheWrite 00000000000000000000000000000005]
[           0s] Csc Library/Bee/artifacts/1900b0aE.dag/Unity.Profiling.Core.dll (+2 others) [CacheWrite 00000000000000000000000000000005]
[578/969    0s] MovedFromExtractor Library/Bee/artifacts/mvdfrm/Unity.InternalAPIEngineBridge.013.ref.dll_5ACF494D54C72A54.mvfrm
[           0s] Csc Library/Bee/artifacts/1900b0aE.dag/Unity.AI.Navigation.dll (+2 others) [CacheWrite 00000000000000000000000000000005]
[579/969    0s] MovedFromExtractor Library/Bee/artifacts/mvdfrm/Unity.ShaderGraph.Utilities.ref.dll_0524057423981A9D.mvfrm
[580/969    0s] MovedFromExtractor Library/Bee/artifacts/mvdfrm/Unity.InternalAPIEditorBridge.013.ref.dll_685490A2EFB8430F.mvfrm
[581/969    0s] MovedFromExtractor Library/Bee/artifacts/mvdfrm/Unity.Multiplayer.Center.Common.ref.dll_EE36537354EA42C8.mvfrm
[582/969    0s] MovedFromExtractor Library/Bee/artifacts/mvdfrm/Unity.InternalAPIEngineBridge.004.ref.dll_9F91F1CFF2D20E26.mvfrm
[583/969    0s] MovedFromExtractor Library/Bee/artifacts/mvdfrm/Unity.ScriptableBuildPipeline.ref.dll_27C8026E25690113.mvfrm
[584/969    0s] MovedFromExtractor Library/Bee/artifacts/mvdfrm/Unity.Searcher.Editor.ref.dll_12B7E1785E41BE0E.mvfrm
[585/969    0s] MovedFromExtractor Library/Bee/artifacts/mvdfrm/Unity.Postprocessing.Runtime.ref.dll_3152B6A9836FBF3B.mvfrm
[586/969    0s] MovedFromExtractor Library/Bee/artifacts/mvdfrm/Unity.Timeline.ref.dll_621CDDF9C514DF8F.mvfrm
[587/969    0s] MovedFromExtractor Library/Bee/artifacts/mvdfrm/Unity.Profiling.Core.ref.dll_DDC12D7300735955.mvfrm
[588/969    0s] MovedFromExtractor Library/Bee/artifacts/mvdfrm/Unity.AI.Navigation.ref.dll_407F07063643C512.mvfrm
[589/969    0s] MovedFromExtractor-Combine Library/Bee/artifacts/1900b0aE.dag/Unity.ScriptableBuildPipeline.Editor.dll.mvfrm
[590/969    0s] MovedFromExtractor-Combine Library/Bee/artifacts/1900b0aE.dag/Unity.Multiplayer.Center.Editor.dll.mvfrm
[591/969    0s] MovedFromExtractor-Combine Library/Bee/artifacts/1900b0aE.dag/Unity.TextMeshPro.dll.mvfrm
[592/969    1s] MovedFromExtractor Library/Bee/artifacts/mvdfrm/Unity.AI.Navigation.Editor.ConversionSystem.ref.dll_D58562F0DF82BCBA.mvfrm
[593/969    1s] MovedFromExtractor-Combine Library/Bee/artifacts/1900b0aE.dag/Unity.Timeline.Editor.dll.mvfrm
[594/969    1s] MovedFromExtractor-Combine Library/Bee/artifacts/1900b0aE.dag/Unity.ResourceManager.dll.mvfrm
[595/969    1s] MovedFromExtractor-Combine Library/Bee/artifacts/1900b0aE.dag/Unity.Postprocessing.Editor.dll.mvfrm
[596/969    5s] Csc Library/Bee/artifacts/1900b0aE.dag/Unity.Burst.dll (+2 others)
[597/969    1s] MovedFromExtractor-Combine Library/Bee/artifacts/1900b0aE.dag/Unity.AI.Navigation.Editor.dll.mvfrm
[           1s] Csc Library/Bee/artifacts/1900b0aE.dag/Unity.Burst.dll (+2 others) [CacheWrite 00000000000000000000000000000005]
[598/969    4s] Csc Library/Bee/artifacts/1900b0aE.dag/Unity.VisualStudio.Editor.dll (+2 others)
[599/969    5s] Csc Library/Bee/artifacts/1900b0aE.dag/Unity.Rendering.LightTransport.Editor.dll (+2 others)
[           0s] Csc Library/Bee/artifacts/1900b0aE.dag/Unity.VisualStudio.Editor.dll (+2 others) [CacheWrite 00000000000000000000000000000005]
[           0s] Csc Library/Bee/artifacts/1900b0aE.dag/Unity.Rendering.LightTransport.Editor.dll (+2 others) [CacheWrite 00000000000000000000000000000005]
[600/969    4s] Csc Library/Bee/artifacts/1900b0aE.dag/Unity.RenderPipelines.Universal.Shaders.dll (+2 others)
[601/969    3s] Csc Library/Bee/artifacts/1900b0aE.dag/Unity.RenderPipelines.Core.ShaderLibrary.dll (+2 others)
[602/969    3s] Csc Library/Bee/artifacts/1900b0aE.dag/Unity.Multiplayer.Center.Editor.dll (+2 others)
[603/969    5s] Csc Library/Bee/artifacts/1900b0aE.dag/Unity.RenderPipelines.ShaderGraph.ShaderGraphLibrary.dll (+2 others)
[604/969    1s] MovedFromExtractor Library/Bee/artifacts/mvdfrm/Unity.Burst.ref.dll_F30DFA20C0DD1968.mvfrm
[           0s] Csc Library/Bee/artifacts/1900b0aE.dag/Unity.Multiplayer.Center.Editor.dll (+2 others) [CacheWrite 00000000000000000000000000000005]
[           0s] Csc Library/Bee/artifacts/1900b0aE.dag/Unity.RenderPipelines.Universal.Shaders.dll (+2 others) [CacheWrite 00000000000000000000000000000005]
[           0s] Csc Library/Bee/artifacts/1900b0aE.dag/Unity.RenderPipelines.Core.ShaderLibrary.dll (+2 others) [CacheWrite 00000000000000000000000000000005]
[           0s] Csc Library/Bee/artifacts/1900b0aE.dag/Unity.RenderPipelines.ShaderGraph.ShaderGraphLibrary.dll (+2 others) [CacheWrite 00000000000000000000000000000005]
[605/969    0s] MovedFromExtractor-Combine Library/Bee/artifacts/1900b0aE.dag/UMA_Examples_Editor.dll.mvfrm
[606/969    0s] MovedFromExtractor-Combine Library/Bee/artifacts/1900b0aE.dag/Textus.SerializeReferenceUI.dll.mvfrm
[607/969    5s] Csc Library/Bee/artifacts/1900b0aE.dag/Unity.2D.Sprite.Editor.dll (+2 others)
[           0s] Csc Library/Bee/artifacts/1900b0aE.dag/Unity.2D.Sprite.Editor.dll (+2 others) [CacheWrite 00000000000000000000000000000005]
[608/969    0s] MovedFromExtractor-Combine Library/Bee/artifacts/1900b0aE.dag/Unity.PerformanceTesting.dll.mvfrm
[609/969    0s] MovedFromExtractor-Combine Library/Bee/artifacts/1900b0aE.dag/Shaderpackager-editor.dll.mvfrm
[610/969    1s] MovedFromExtractor-Combine Library/Bee/artifacts/1900b0aE.dag/Unity.Burst.CodeGen.dll.mvfrm
[611/969    0s] MovedFromExtractor-Combine Library/Bee/artifacts/1900b0aE.dag/UMA_Content.dll.mvfrm
[612/969    0s] MovedFromExtractor-Combine Library/Bee/artifacts/1900b0aE.dag/Unity.Burst.Editor.dll.mvfrm
[613/969    0s] MovedFromExtractor Library/Bee/artifacts/mvdfrm/Unity.RenderPipelines.ShaderGraph.ShaderGraphLibrary.ref.dll_1A2083B43FB0BF18.mvfrm
[614/969    0s] MovedFromExtractor Library/Bee/artifacts/mvdfrm/Unity.2D.Sprite.Editor.ref.dll_DDBAA27A82CE9E28.mvfrm
[615/969    0s] MovedFromExtractor Library/Bee/artifacts/mvdfrm/Unity.RenderPipelines.Universal.Shaders.ref.dll_9468B054363B0720.mvfrm
[616/969    0s] MovedFromExtractor Library/Bee/artifacts/mvdfrm/Unity.RenderPipelines.Core.ShaderLibrary.ref.dll_7F2C410A434F5518.mvfrm
[617/969    0s] MovedFromExtractor Library/Bee/artifacts/mvdfrm/Unity.Rendering.LightTransport.Editor.ref.dll_F96E2A343514CFAE.mvfrm
[618/969    0s] CopyFiles Library/ScriptAssemblies/Unity.VisualStudio.Editor.pdb
[619/969    0s] MovedFromExtractor Library/Bee/artifacts/mvdfrm/Unity.Multiplayer.Center.Editor.ref.dll_EB1F4B6E56116D4A.mvfrm
[620/969    0s] CopyFiles Library/ScriptAssemblies/Unity.VisualStudio.Editor.dll
[621/969    0s] MovedFromExtractor Library/Bee/artifacts/mvdfrm/Unity.VisualStudio.Editor.ref.dll_3A975DBA53ABA4AD.mvfrm
[622/969    4s] Csc Library/Bee/artifacts/1900b0aE.dag/Unity.AI.Navigation.Editor.dll (+2 others)
[623/969    5s] Csc Library/Bee/artifacts/1900b0aE.dag/Unity.ResourceManager.dll (+2 others)
[624/969    7s] Csc Library/Bee/artifacts/1900b0aE.dag/Unity.TextMeshPro.dll (+2 others)
[625/969    5s] Csc Library/Bee/artifacts/1900b0aE.dag/Unity.Postprocessing.Editor.dll (+2 others)
[626/969    3s] Csc Library/Bee/artifacts/1900b0aE.dag/Textus.SerializeReferenceUI.dll (+2 others)
[627/969    2s] Csc Library/Bee/artifacts/1900b0aE.dag/Unity.PerformanceTesting.dll (+2 others)
[           0s] Csc Library/Bee/artifacts/1900b0aE.dag/Unity.AI.Navigation.Editor.dll (+2 others) [CacheWrite 00000000000000000000000000000005]
[           0s] Csc Library/Bee/artifacts/1900b0aE.dag/Unity.ResourceManager.dll (+2 others) [CacheWrite 00000000000000000000000000000005]
[           0s] Csc Library/Bee/artifacts/1900b0aE.dag/Unity.Postprocessing.Editor.dll (+2 others) [CacheWrite 00000000000000000000000000000005]
[           0s] Csc Library/Bee/artifacts/1900b0aE.dag/Unity.TextMeshPro.dll (+2 others) [CacheWrite 00000000000000000000000000000005]
[           0s] Csc Library/Bee/artifacts/1900b0aE.dag/Unity.PerformanceTesting.dll (+2 others) [CacheWrite 00000000000000000000000000000005]
[628/969    0s] MovedFromExtractor Library/Bee/artifacts/mvdfrm/Unity.AI.Navigation.Editor.ref.dll_7989A1C8D57EF9BF.mvfrm
[629/969    1s] MovedFromExtractor Library/Bee/artifacts/mvdfrm/Unity.TextMeshPro.ref.dll_84A4293DBDD182DB.mvfrm
[630/969    1s] MovedFromExtractor Library/Bee/artifacts/mvdfrm/Unity.ResourceManager.ref.dll_56EDCE417F1B8EC7.mvfrm
[631/969    1s] MovedFromExtractor Library/Bee/artifacts/mvdfrm/Unity.Postprocessing.Editor.ref.dll_1C9CD17610FFA3F0.mvfrm
[632/969    5s] Csc Library/Bee/artifacts/1900b0aE.dag/Shaderpackager-editor.dll (+2 others)
[633/969    1s] MovedFromExtractor-Combine Library/Bee/artifacts/1900b0aE.dag/Unity.AI.Navigation.Updater.dll.mvfrm
[634/969   14s] Csc Library/Bee/artifacts/1900b0aE.dag/Unity.Mathematics.dll (+2 others)
[635/969    1s] MovedFromExtractor-Combine Library/Bee/artifacts/1900b0aE.dag/Unity.Addressables.dll.mvfrm
[636/969    2s] MovedFromExtractor Library/Bee/artifacts/mvdfrm/Unity.PerformanceTesting.ref.dll_F99DC928B1D72E5E.mvfrm
[637/969    1s] MovedFromExtractor-Combine Library/Bee/artifacts/1900b0aE.dag/UnityEditor.UI.Analytics.dll.mvfrm
[638/969    9s] Csc Library/Bee/artifacts/1900b0aE.dag/Unity.ScriptableBuildPipeline.Editor.dll (+2 others)
[639/969   14s] Csc Library/Bee/artifacts/1900b0aE.dag/Unity.InputSystem.dll (+2 others)
[640/969    9s] Csc Library/Bee/artifacts/1900b0aE.dag/Unity.Timeline.Editor.dll (+2 others)
[           0s] Csc Library/Bee/artifacts/1900b0aE.dag/Unity.ScriptableBuildPipeline.Editor.dll (+2 others) [CacheWrite 00000000000000000000000000000005]
[           0s] Csc Library/Bee/artifacts/1900b0aE.dag/Unity.Mathematics.dll (+2 others) [CacheWrite 00000000000000000000000000000005]
[           0s] Csc Library/Bee/artifacts/1900b0aE.dag/Unity.InputSystem.dll (+2 others) [CacheWrite 00000000000000000000000000000005]
[641/969    0s] MovedFromExtractor-Combine Library/Bee/artifacts/1900b0aE.dag/Unity.PerformanceTesting.Editor.dll.mvfrm
[642/969    5s] Csc Library/Bee/artifacts/1900b0aE.dag/Unity.Burst.CodeGen.dll (+2 others)
[           0s] Csc Library/Bee/artifacts/1900b0aE.dag/Unity.Timeline.Editor.dll (+2 others) [CacheWrite 00000000000000000000000000000005]
[           0s] Csc Library/Bee/artifacts/1900b0aE.dag/Unity.Burst.CodeGen.dll (+2 others) [CacheWrite 00000000000000000000000000000005]
[643/969    0s] CopyFiles Library/ScriptAssemblies/Unity.Burst.CodeGen.dll
[644/969    0s] CopyFiles Library/ScriptAssemblies/Unity.Burst.CodeGen.pdb
[645/969    1s] MovedFromExtractor Library/Bee/artifacts/mvdfrm/Unity.Mathematics.ref.dll_E8EFDB1B8D5C174E.mvfrm
[646/969    1s] MovedFromExtractor Library/Bee/artifacts/mvdfrm/Unity.ScriptableBuildPipeline.Editor.ref.dll_4B3FCA9E6B3358CE.mvfrm
[647/969    0s] MovedFromExtractor Library/Bee/artifacts/mvdfrm/Unity.InputSystem.ref.dll_FD2EC87C14EBE081.mvfrm
[648/969    0s] MovedFromExtractor Library/Bee/artifacts/mvdfrm/Unity.Timeline.Editor.ref.dll_0D3D3C0B73557612.mvfrm
[649/969    1s] Csc Library/Bee/artifacts/1900b0aE.dag/UnityEditor.UI.Analytics.dll (+2 others)
[650/969    0s] MovedFromExtractor-Combine Library/Bee/artifacts/1900b0aE.dag/Unity.Mathematics.Editor.dll.mvfrm
[651/969    1s] Csc Library/Bee/artifacts/1900b0aE.dag/Unity.AI.Navigation.Updater.dll (+2 others)
[652/969    0s] MovedFromExtractor-Combine Library/Bee/artifacts/1900b0aE.dag/Unity.Collections.dll.mvfrm
[653/969    1s] Csc Library/Bee/artifacts/1900b0aE.dag/Unity.Addressables.dll (+2 others)
[654/969    1s] Csc Library/Bee/artifacts/1900b0aE.dag/Unity.PerformanceTesting.Editor.dll (+2 others)
[           0s] Csc Library/Bee/artifacts/1900b0aE.dag/UnityEditor.UI.Analytics.dll (+2 others) [CacheWrite 00000000000000000000000000000005]
[           0s] Csc Library/Bee/artifacts/1900b0aE.dag/Unity.AI.Navigation.Updater.dll (+2 others) [CacheWrite 00000000000000000000000000000005]
[           0s] Csc Library/Bee/artifacts/1900b0aE.dag/Unity.PerformanceTesting.Editor.dll (+2 others) [CacheWrite 00000000000000000000000000000005]
[           0s] Csc Library/Bee/artifacts/1900b0aE.dag/Unity.Addressables.dll (+2 others) [CacheWrite 00000000000000000000000000000005]
[655/969    0s] MovedFromExtractor-Combine Library/Bee/artifacts/1900b0aE.dag/Unity.InputSystem.ForUI.dll.mvfrm
[656/969    0s] MovedFromExtractor-Combine Library/Bee/artifacts/1900b0aE.dag/Unity.InputSystem.TestFramework.dll.mvfrm
[657/969    0s] MovedFromExtractor-Combine Library/Bee/artifacts/1900b0aE.dag/Unity.InputSystem.DocCodeSamples.dll.mvfrm
[658/969    0s] MovedFromExtractor Library/Bee/artifacts/mvdfrm/Unity.AI.Navigation.Updater.ref.dll_34B8D5B7DED6E76D.mvfrm
[659/969    0s] MovedFromExtractor Library/Bee/artifacts/mvdfrm/UnityEditor.UI.Analytics.ref.dll_3B64A5A3A726AD5D.mvfrm
[660/969    0s] MovedFromExtractor Library/Bee/artifacts/mvdfrm/Unity.Addressables.ref.dll_E8DB4810C9946D63.mvfrm
[661/969    1s] Csc Library/Bee/artifacts/1900b0aE.dag/Unity.Mathematics.Editor.dll (+2 others)
[           0s] Csc Library/Bee/artifacts/1900b0aE.dag/Unity.Mathematics.Editor.dll (+2 others) [CacheWrite 00000000000000000000000000000005]
[662/969    0s] MovedFromExtractor-Combine Library/Bee/artifacts/1900b0aE.dag/Unity.Addressables.Editor.dll.mvfrm
[663/969    0s] MovedFromExtractor-Combine Library/Bee/artifacts/1900b0aE.dag/Unity.Localization.dll.mvfrm
[664/969    1s] Csc Library/Bee/artifacts/1900b0aE.dag/Unity.InputSystem.DocCodeSamples.dll (+2 others)
[665/969    0s] MovedFromExtractor-Combine Library/Bee/artifacts/1900b0aE.dag/UMA_Examples.dll.mvfrm
[666/969    1s] Csc Library/Bee/artifacts/1900b0aE.dag/Unity.InputSystem.ForUI.dll (+2 others)
[           0s] Csc Library/Bee/artifacts/1900b0aE.dag/Unity.InputSystem.ForUI.dll (+2 others) [CacheWrite 00000000000000000000000000000005]
[           0s] Csc Library/Bee/artifacts/1900b0aE.dag/Unity.InputSystem.DocCodeSamples.dll (+2 others) [CacheWrite 00000000000000000000000000000005]
[667/969    0s] MovedFromExtractor Library/Bee/artifacts/mvdfrm/Unity.Mathematics.Editor.ref.dll_9A20CFD48BC11F43.mvfrm
[668/969    0s] MovedFromExtractor Library/Bee/artifacts/mvdfrm/Unity.InputSystem.ForUI.ref.dll_0478B67D1094CE70.mvfrm
[669/969    2s] Csc Library/Bee/artifacts/1900b0aE.dag/Unity.InputSystem.TestFramework.dll (+2 others)
[           0s] Csc Library/Bee/artifacts/1900b0aE.dag/Unity.InputSystem.TestFramework.dll (+2 others) [CacheWrite 00000000000000000000000000000005]
[670/969    5s] Csc Library/Bee/artifacts/1900b0aE.dag/Unity.Collections.dll (+2 others)
[671/969    3s] Csc Library/Bee/artifacts/1900b0aE.dag/Unity.Addressables.Editor.dll (+2 others)
[672/969    3s] Csc Library/Bee/artifacts/1900b0aE.dag/Unity.Localization.dll (+2 others)
[           0s] Csc Library/Bee/artifacts/1900b0aE.dag/Unity.Addressables.Editor.dll (+2 others) [CacheWrite 00000000000000000000000000000005]
[           0s] Csc Library/Bee/artifacts/1900b0aE.dag/Unity.Localization.dll (+2 others) [CacheWrite 00000000000000000000000000000005]
[           0s] Csc Library/Bee/artifacts/1900b0aE.dag/Unity.Collections.dll (+2 others) [CacheWrite 00000000000000000000000000000005]
[673/969   12s] Csc Library/Bee/artifacts/1900b0aE.dag/Unity.Burst.Editor.dll (+2 others)
[           0s] Csc Library/Bee/artifacts/1900b0aE.dag/Unity.Burst.Editor.dll (+2 others) [CacheWrite 00000000000000000000000000000005]
[674/969    0s] MovedFromExtractor Library/Bee/artifacts/mvdfrm/Unity.Localization.ref.dll_EDA1BF42BFAAD197.mvfrm
[675/969    0s] MovedFromExtractor Library/Bee/artifacts/mvdfrm/Unity.Collections.ref.dll_656D7410E7809ECD.mvfrm
[676/969    0s] MovedFromExtractor Library/Bee/artifacts/mvdfrm/Unity.Addressables.Editor.ref.dll_E1732519AAB7217E.mvfrm
[677/969    0s] MovedFromExtractor Library/Bee/artifacts/mvdfrm/Unity.Burst.Editor.ref.dll_E2F92DAB6C167CC9.mvfrm
[678/969    0s] MovedFromExtractor-Combine Library/Bee/artifacts/1900b0aE.dag/Unity.Collections.Editor.dll.mvfrm
[679/969    0s] MovedFromExtractor-Combine Library/Bee/artifacts/1900b0aE.dag/Unity.RenderPipelines.Core.Runtime.dll.mvfrm
[680/969    0s] MovedFromExtractor-Combine Library/Bee/artifacts/1900b0aE.dag/UMA_Core.dll.mvfrm
[681/969    0s] MovedFromExtractor-Combine Library/Bee/artifacts/1900b0aE.dag/Unity.AutoGroupGenerator.Editor.dll.mvfrm
[682/969    0s] MovedFromExtractor-Combine Library/Bee/artifacts/1900b0aE.dag/Unity.Localization.Editor.dll.mvfrm
[683/969    0s] MovedFromExtractor-Combine Library/Bee/artifacts/1900b0aE.dag/UMA_Core_Editor.dll.mvfrm
[684/969    0s] MovedFromExtractor-Combine Library/Bee/artifacts/1900b0aE.dag/Unity.Collections.CodeGen.dll.mvfrm
[685/969    0s] MovedFromExtractor-Combine Library/Bee/artifacts/1900b0aE.dag/Addressable_Editor.dll.mvfrm
[686/969    0s] MovedFromExtractor-Combine Library/Bee/artifacts/1900b0aE.dag/Unity.Addressables.DocExampleCode.Editor.Tests.dll.mvfrm
[687/969    0s] MovedFromExtractor-Combine Library/Bee/artifacts/1900b0aE.dag/Unity.UnifiedRayTracing.Runtime.dll.mvfrm
[688/969    0s] Csc Library/Bee/artifacts/1900b0aE.dag/Addressable_Editor.dll (+2 others)
[689/969    1s] Csc Library/Bee/artifacts/1900b0aE.dag/Unity.Collections.Editor.dll (+2 others)
[690/969    1s] Csc Library/Bee/artifacts/1900b0aE.dag/Unity.Collections.CodeGen.dll (+2 others)
[691/969    1s] Csc Library/Bee/artifacts/1900b0aE.dag/Unity.AutoGroupGenerator.Editor.dll (+2 others)
[692/969    1s] Csc Library/Bee/artifacts/1900b0aE.dag/Unity.Addressables.DocExampleCode.Editor.Tests.dll (+2 others)
[           0s] Csc Library/Bee/artifacts/1900b0aE.dag/Unity.Collections.Editor.dll (+2 others) [CacheWrite 00000000000000000000000000000005]
[           0s] Csc Library/Bee/artifacts/1900b0aE.dag/Unity.Collections.CodeGen.dll (+2 others) [CacheWrite 00000000000000000000000000000005]
[693/969    0s] CopyFiles Library/ScriptAssemblies/Unity.Collections.CodeGen.pdb
[694/969    0s] CopyFiles Library/ScriptAssemblies/Unity.Collections.CodeGen.dll
[           0s] Csc Library/Bee/artifacts/1900b0aE.dag/Unity.AutoGroupGenerator.Editor.dll (+2 others) [CacheWrite 00000000000000000000000000000005]
[695/969    1s] Csc Library/Bee/artifacts/1900b0aE.dag/Unity.UnifiedRayTracing.Runtime.dll (+2 others)
[           0s] Csc Library/Bee/artifacts/1900b0aE.dag/Unity.Addressables.DocExampleCode.Editor.Tests.dll (+2 others) [CacheWrite 00000000000000000000000000000005]
[           0s] Csc Library/Bee/artifacts/1900b0aE.dag/Unity.UnifiedRayTracing.Runtime.dll (+2 others) [CacheWrite 00000000000000000000000000000005]
[696/969    0s] MovedFromExtractor Library/Bee/artifacts/mvdfrm/Unity.AutoGroupGenerator.Editor.ref.dll_9675A0B13A180CB0.mvfrm
[697/969    0s] MovedFromExtractor Library/Bee/artifacts/mvdfrm/Unity.Collections.Editor.ref.dll_E4491E98C71DB4B4.mvfrm
[698/969    0s] MovedFromExtractor Library/Bee/artifacts/mvdfrm/Unity.UnifiedRayTracing.Runtime.ref.dll_1311DEF2651EFE0C.mvfrm
[699/969    3s] Csc Library/Bee/artifacts/1900b0aE.dag/UMA_Core.dll (+2 others)
Assets\UMA\Core\Extensions\DynamicCharacterSystem\Scripts\DynamicCharacterAvatar.cs(45,31): warning CS0618: 'Object.FindObjectOfType<T>()' is obsolete: 'Object.FindObjectOfType has been deprecated. Use Object.FindFirstObjectByType instead or if finding any instance is acceptable the faster Object.FindAnyObjectByType'

Assets\UMA\Core\Extensions\DynamicCharacterSystem\Scripts\DynamicCharacterAvatar.cs(527,49): warning CS0618: 'Object.FindObjectsOfType<T>()' is obsolete: 'Object.FindObjectsOfType has been deprecated. Use Object.FindObjectsByType instead which lets you decide whether you need the results sorted or not.  FindObjectsOfType sorts the results by InstanceID but if you do not need this using FindObjectSortMode.None is considerably faster.'

Assets\UMA\Core\Scripts\AssetItem.cs(451,21): warning CS0618: 'AssetDatabase.GetAssetPath(int)' is obsolete: 'Please use GetAssetPath(EntityId) with the EntityId parameter type instead.'

Assets\UMA\Core\Scripts\UMASettingsProvider.cs(254,53): warning CS0618: 'PlayerSettings.GetScriptingDefineSymbolsForGroup(BuildTargetGroup)' is obsolete: 'Use GetScriptingDefineSymbols(NamedBuildTarget buildTarget) instead'

Assets\UMA\Core\Scripts\UMAAssetIndexer.cs(2375,24): warning CS0618: 'AssetDatabase.GetAssetPath(int)' is obsolete: 'Please use GetAssetPath(EntityId) with the EntityId parameter type instead.'

Assets\UMA\Core\Scripts\UMAAssetIndexer.cs(3062,36): warning CS0618: 'AssetDatabase.GetAssetPath(int)' is obsolete: 'Please use GetAssetPath(EntityId) with the EntityId parameter type instead.'

Assets\UMA\Core\StandardAssets\UMA\Scripts\UMAContextBase.cs(18,18): warning CS0618: 'Object.FindObjectOfType<T>()' is obsolete: 'Object.FindObjectOfType has been deprecated. Use Object.FindFirstObjectByType instead or if finding any instance is acceptable the faster Object.FindAnyObjectByType'

Assets\UMA\Core\StandardAssets\UMA\Scripts\UMAContextBase.cs(22,18): warning CS0618: 'Object.FindObjectOfType<T>()' is obsolete: 'Object.FindObjectOfType has been deprecated. Use Object.FindFirstObjectByType instead or if finding any instance is acceptable the faster Object.FindAnyObjectByType'

Assets\UMA\Core\StandardAssets\UMA\Scripts\UMAContextBase.cs(253,16): warning CS0618: 'Object.FindObjectOfType<T>()' is obsolete: 'Object.FindObjectOfType has been deprecated. Use Object.FindFirstObjectByType instead or if finding any instance is acceptable the faster Object.FindAnyObjectByType'

Assets\UMA\Core\StandardAssets\UMA\Scripts\UMADynamicAvatar.cs(39,22): warning CS0618: 'Object.FindObjectOfType<T>()' is obsolete: 'Object.FindObjectOfType has been deprecated. Use Object.FindFirstObjectByType instead or if finding any instance is acceptable the faster Object.FindAnyObjectByType'

Assets\UMA\Core\Extensions\DynamicCharacterSystem\Scripts\DynamicCharacterAvatar.cs(4828,13): warning CS0618: 'Physics.BakeMesh(int, bool)' is obsolete: 'BakeMesh(int, bool) is obsolete. Use BakeMesh(EntityId, bool) instead.'

Assets\UMA\Core\StandardAssets\UMA\Scripts\UMAData.cs(766,5): warning CS0618: 'Object.FindObjectOfType<T>()' is obsolete: 'Object.FindObjectOfType has been deprecated. Use Object.FindFirstObjectByType instead or if finding any instance is acceptable the faster Object.FindAnyObjectByType'

Assets\UMA\Core\StandardAssets\UMA\Scripts\UMAData.cs(2379,20): warning CS0618: 'Object.FindObjectOfType<T>()' is obsolete: 'Object.FindObjectOfType has been deprecated. Use Object.FindFirstObjectByType instead or if finding any instance is acceptable the faster Object.FindAnyObjectByType'
[700/969    3s] Csc Library/Bee/artifacts/1900b0aE.dag/Unity.Localization.Editor.dll (+2 others)
[           0s] Csc Library/Bee/artifacts/1900b0aE.dag/Unity.Localization.Editor.dll (+2 others) [CacheWrite 00000000000000000000000000000005]
[701/969    1s] ILPP-Configuration Library/ilpp-configuration.nevergeneratedoutput
[702/969    0s] Csc Library/Bee/artifacts/1900b0aE.dag/UMA_Content.dll (+2 others)
[703/969    0s] MovedFromExtractor Library/Bee/artifacts/mvdfrm/Unity.Localization.Editor.ref.dll_75AE9AE59BB37C8A.mvfrm
[704/969    1s] Csc Library/Bee/artifacts/1900b0aE.dag/UMA_Examples.dll (+2 others)
Assets\UMA\Examples\DynamicCharacterSystem Examples\Assets\GUI\Scripts\Rotator.cs(52,29): warning CS0618: 'Quaternion.ToEuler()' is obsolete: 'Use Quaternion.eulerAngles instead. This function was deprecated because it uses radians instead of degrees.'

Assets\UMA\Examples\DynamicCharacterSystem Examples\Assets\GUI\Scripts\Rotator.cs(54,40): warning CS0618: 'Quaternion.EulerAngles(Vector3)' is obsolete: 'Use Quaternion.Euler instead. This function was deprecated because it uses radians instead of degrees.'

Assets\UMA\Examples\Physics Examples\Scripts\UMAShooter.cs(29,37): warning CS0618: 'Object.FindObjectsOfType<T>()' is obsolete: 'Object.FindObjectsOfType has been deprecated. Use Object.FindObjectsByType instead which lets you decide whether you need the results sorted or not.  FindObjectsOfType sorts the results by InstanceID but if you do not need this using FindObjectSortMode.None is considerably faster.'

Assets\UMA\Examples\DynamicCharacterSystem Examples\Scripts\Preloader.cs(56,28): warning CS1998: This async method lacks 'await' operators and will run synchronously. Consider using the 'await' operator to await non-blocking API calls, or 'await Task.Run(...)' to do CPU-bound work on a background thread.

Assets\UMA\Examples\DynamicCharacterSystem Examples\Assets\Resources\Scene1\SampleCode.cs(462,40): warning CS0618: 'Object.FindObjectsOfType<T>()' is obsolete: 'Object.FindObjectsOfType has been deprecated. Use Object.FindObjectsByType instead which lets you decide whether you need the results sorted or not.  FindObjectsOfType sorts the results by InstanceID but if you do not need this using FindObjectSortMode.None is considerably faster.'

Assets\UMA\Examples\DynamicCharacterSystem Examples\Assets\Resources\Scene1\MobileAddressablesSampleCode.cs(418,40): warning CS0618: 'Object.FindObjectsOfType<T>()' is obsolete: 'Object.FindObjectsOfType has been deprecated. Use Object.FindObjectsByType instead which lets you decide whether you need the results sorted or not.  FindObjectsOfType sorts the results by InstanceID but if you do not need this using FindObjectSortMode.None is considerably faster.'

Assets\UMA\Examples\DynamicCharacterSystem Examples\Assets\GUI\Scripts\Rotator.cs(9,8): warning CS0414: The field 'Rotator.rotating' is assigned but its value is never used
[705/969    4s] Csc Library/Bee/artifacts/1900b0aE.dag/Unity.RenderPipelines.Core.Runtime.dll (+2 others)
[           0s] Csc Library/Bee/artifacts/1900b0aE.dag/Unity.RenderPipelines.Core.Runtime.dll (+2 others) [CacheWrite 00000000000000000000000000000005]
[706/969    2s] Csc Library/Bee/artifacts/1900b0aE.dag/UMA_Core_Editor.dll (+2 others)
Assets\UMA\Core\Editor\Scripts\UMABonePoseEditor.cs(29,33): warning CS0618: 'TreeView' is obsolete: 'TreeView is now deprecated. You can likely now use TreeView<int> instead and not think more about it. But if you were using that identifier to store InstanceID data, you should instead opt to upgrade your TreeViews to use TreeView<InstanceID> to get the proper typing.'

Assets\UMA\Core\Editor\Scripts\UMABonePoseEditor.cs(111,22): warning CS0618: 'TreeViewItem' is obsolete: 'TreeViewItem is now deprecated. You can likely now use TreeViewItem<int> instead and not think more about it. But if you were using that identifier to store InstanceID data, you should instead opt to upgrade your TreeViews to use TreeViewItem<InstanceID> to get the proper typing.'

Assets\UMA\Core\Editor\Scripts\UMABonePoseEditor.cs(31,10): warning CS0618: 'TreeViewItem' is obsolete: 'TreeViewItem is now deprecated. You can likely now use TreeViewItem<int> instead and not think more about it. But if you were using that identifier to store InstanceID data, you should instead opt to upgrade your TreeViews to use TreeViewItem<InstanceID> to get the proper typing.'

Assets\UMA\Core\Editor\Scripts\UMABonePoseEditor.cs(36,23): warning CS0618: 'TreeViewState' is obsolete: 'TreeViewState is now deprecated. You can likely now use TreeViewState<int> instead and not think more about it. But if you were using that identifier to store InstanceID data, you should instead opt to upgrade your TreeViews to use TreeViewState<InstanceID> to get the proper typing.'

Assets\UMA\Core\Editor\Scripts\TreeViewWithTreeModel.cs(11,38): warning CS0618: 'TreeViewItem' is obsolete: 'TreeViewItem is now deprecated. You can likely now use TreeViewItem<int> instead and not think more about it. But if you were using that identifier to store InstanceID data, you should instead opt to upgrade your TreeViews to use TreeViewItem<InstanceID> to get the proper typing.'

Assets\UMA\Core\Editor\Scripts\TreeViewWithTreeModel.cs(21,44): warning CS0618: 'TreeView' is obsolete: 'TreeView is now deprecated. You can likely now use TreeView<int> instead and not think more about it. But if you were using that identifier to store InstanceID data, you should instead opt to upgrade your TreeViews to use TreeView<InstanceID> to get the proper typing.'

Assets\UMA\Core\Editor\Scripts\UMABonePoseEditor.cs(1157,37): warning CS0618: 'TreeViewItem' is obsolete: 'TreeViewItem is now deprecated. You can likely now use TreeViewItem<int> instead and not think more about it. But if you were using that identifier to store InstanceID data, you should instead opt to upgrade your TreeViews to use TreeViewItem<InstanceID> to get the proper typing.'

Assets\UMA\Core\Editor\Scripts\UMABonePoseEditor.cs(1172,33): warning CS0618: 'TreeViewItem' is obsolete: 'TreeViewItem is now deprecated. You can likely now use TreeViewItem<int> instead and not think more about it. But if you were using that identifier to store InstanceID data, you should instead opt to upgrade your TreeViews to use TreeViewItem<InstanceID> to get the proper typing.'

Assets\UMA\Core\Editor\Scripts\TreeViewWithTreeModel.cs(57,22): warning CS0618: 'TreeViewItem' is obsolete: 'TreeViewItem is now deprecated. You can likely now use TreeViewItem<int> instead and not think more about it. But if you were using that identifier to store InstanceID data, you should instead opt to upgrade your TreeViews to use TreeViewItem<InstanceID> to get the proper typing.'

Assets\UMA\Core\Editor\Scripts\UMABonePoseEditor.cs(1183,42): warning CS0618: 'TreeViewItem' is obsolete: 'TreeViewItem is now deprecated. You can likely now use TreeViewItem<int> instead and not think more about it. But if you were using that identifier to store InstanceID data, you should instead opt to upgrade your TreeViews to use TreeViewItem<InstanceID> to get the proper typing.'

Assets\UMA\Core\Editor\Scripts\TreeViewWithTreeModel.cs(63,53): warning CS0618: 'TreeViewItem' is obsolete: 'TreeViewItem is now deprecated. You can likely now use TreeViewItem<int> instead and not think more about it. But if you were using that identifier to store InstanceID data, you should instead opt to upgrade your TreeViews to use TreeViewItem<InstanceID> to get the proper typing.'

Assets\UMA\Core\Editor\Scripts\TreeViewWithTreeModel.cs(63,28): warning CS0618: 'TreeViewItem' is obsolete: 'TreeViewItem is now deprecated. You can likely now use TreeViewItem<int> instead and not think more about it. But if you were using that identifier to store InstanceID data, you should instead opt to upgrade your TreeViews to use TreeViewItem<InstanceID> to get the proper typing.'

Assets\UMA\Core\Editor\Scripts\UMABonePoseEditor.cs(138,3): warning CS0618: 'TreeViewState' is obsolete: 'TreeViewState is now deprecated. You can likely now use TreeViewState<int> instead and not think more about it. But if you were using that identifier to store InstanceID data, you should instead opt to upgrade your TreeViews to use TreeViewState<InstanceID> to get the proper typing.'

Assets\UMA\Core\Editor\Scripts\TreeViewWithTreeModel.cs(90,57): warning CS0618: 'TreeViewItem' is obsolete: 'TreeViewItem is now deprecated. You can likely now use TreeViewItem<int> instead and not think more about it. But if you were using that identifier to store InstanceID data, you should instead opt to upgrade your TreeViews to use TreeViewItem<InstanceID> to get the proper typing.'

Assets\UMA\Core\Editor\Scripts\TreeViewWithTreeModel.cs(111,53): warning CS0618: 'TreeViewItem' is obsolete: 'TreeViewItem is now deprecated. You can likely now use TreeViewItem<int> instead and not think more about it. But if you were using that identifier to store InstanceID data, you should instead opt to upgrade your TreeViews to use TreeViewItem<InstanceID> to get the proper typing.'

Assets\UMA\Core\Editor\Scripts\TreeViewWithTreeModel.cs(146,49): warning CS0618: 'TreeViewItem' is obsolete: 'TreeViewItem is now deprecated. You can likely now use TreeViewItem<int> instead and not think more about it. But if you were using that identifier to store InstanceID data, you should instead opt to upgrade your TreeViews to use TreeViewItem<InstanceID> to get the proper typing.'

Assets\UMA\Core\Editor\Scripts\UMAAssetTreeView.cs(62,33): warning CS0618: 'TreeViewItem' is obsolete: 'TreeViewItem is now deprecated. You can likely now use TreeViewItem<int> instead and not think more about it. But if you were using that identifier to store InstanceID data, you should instead opt to upgrade your TreeViews to use TreeViewItem<InstanceID> to get the proper typing.'

Assets\UMA\Core\Editor\Scripts\UMAAssetTreeView.cs(62,58): warning CS0618: 'TreeViewItem' is obsolete: 'TreeViewItem is now deprecated. You can likely now use TreeViewItem<int> instead and not think more about it. But if you were using that identifier to store InstanceID data, you should instead opt to upgrade your TreeViews to use TreeViewItem<InstanceID> to get the proper typing.'

Assets\UMA\Core\Editor\Scripts\UMAAssetTreeView.cs(105,52): warning CS0618: 'TreeViewItem' is obsolete: 'TreeViewItem is now deprecated. You can likely now use TreeViewItem<int> instead and not think more about it. But if you were using that identifier to store InstanceID data, you should instead opt to upgrade your TreeViews to use TreeViewItem<InstanceID> to get the proper typing.'

Assets\UMA\Core\Editor\Scripts\UMAAssetTreeView.cs(105,28): warning CS0618: 'TreeViewItem' is obsolete: 'TreeViewItem is now deprecated. You can likely now use TreeViewItem<int> instead and not think more about it. But if you were using that identifier to store InstanceID data, you should instead opt to upgrade your TreeViews to use TreeViewItem<InstanceID> to get the proper typing.'

Assets\UMA\Core\Editor\Scripts\UMAAssetTreeView.cs(119,21): warning CS0618: 'TreeViewItem' is obsolete: 'TreeViewItem is now deprecated. You can likely now use TreeViewItem<int> instead and not think more about it. But if you were using that identifier to store InstanceID data, you should instead opt to upgrade your TreeViews to use TreeViewItem<InstanceID> to get the proper typing.'

Assets\UMA\Core\Editor\Scripts\UMAAssetTreeView.cs(119,46): warning CS0618: 'TreeViewItem' is obsolete: 'TreeViewItem is now deprecated. You can likely now use TreeViewItem<int> instead and not think more about it. But if you were using that identifier to store InstanceID data, you should instead opt to upgrade your TreeViews to use TreeViewItem<InstanceID> to get the proper typing.'

Assets\UMA\Core\Editor\Scripts\UMAAssetTreeView.cs(620,42): warning CS0618: 'TreeViewItem' is obsolete: 'TreeViewItem is now deprecated. You can likely now use TreeViewItem<int> instead and not think more about it. But if you were using that identifier to store InstanceID data, you should instead opt to upgrade your TreeViews to use TreeViewItem<InstanceID> to get the proper typing.'

Assets\UMA\Core\Editor\Scripts\TreeViewWithTreeModel.cs(24,17): warning CS0618: 'TreeViewItem' is obsolete: 'TreeViewItem is now deprecated. You can likely now use TreeViewItem<int> instead and not think more about it. But if you were using that identifier to store InstanceID data, you should instead opt to upgrade your TreeViews to use TreeViewItem<InstanceID> to get the proper typing.'

Assets\UMA\Core\Editor\Scripts\TreeViewWithTreeModel.cs(30,33): warning CS0618: 'TreeViewState' is obsolete: 'TreeViewState is now deprecated. You can likely now use TreeViewState<int> instead and not think more about it. But if you were using that identifier to store InstanceID data, you should instead opt to upgrade your TreeViews to use TreeViewState<InstanceID> to get the proper typing.'

Assets\UMA\Core\Editor\Scripts\UMAAssetTreeView.cs(185,53): warning CS0618: 'TreeViewState' is obsolete: 'TreeViewState is now deprecated. You can likely now use TreeViewState<int> instead and not think more about it. But if you were using that identifier to store InstanceID data, you should instead opt to upgrade your TreeViews to use TreeViewState<InstanceID> to get the proper typing.'

Assets\UMA\Core\Editor\Scripts\TreeViewWithTreeModel.cs(35,33): warning CS0618: 'TreeViewState' is obsolete: 'TreeViewState is now deprecated. You can likely now use TreeViewState<int> instead and not think more about it. But if you were using that identifier to store InstanceID data, you should instead opt to upgrade your TreeViews to use TreeViewState<InstanceID> to get the proper typing.'

Assets\UMA\Core\Editor\Scripts\AssetIndexerWindow.cs(18,26): warning CS0618: 'TreeViewState' is obsolete: 'TreeViewState is now deprecated. You can likely now use TreeViewState<int> instead and not think more about it. But if you were using that identifier to store InstanceID data, you should instead opt to upgrade your TreeViews to use TreeViewState<InstanceID> to get the proper typing.'

Assets\UMA\Core\Editor\Scripts\UMAAssetTreeView.cs(81,19): warning CS0618: 'TreeViewItem' is obsolete: 'TreeViewItem is now deprecated. You can likely now use TreeViewItem<int> instead and not think more about it. But if you were using that identifier to store InstanceID data, you should instead opt to upgrade your TreeViews to use TreeViewItem<InstanceID> to get the proper typing.'

Assets\UMA\Core\Editor\Scripts\UMAAssetTreeView.cs(81,51): warning CS0618: 'TreeViewItem' is obsolete: 'TreeViewItem is now deprecated. You can likely now use TreeViewItem<int> instead and not think more about it. But if you were using that identifier to store InstanceID data, you should instead opt to upgrade your TreeViews to use TreeViewItem<InstanceID> to get the proper typing.'

Assets\UMA\Core\Editor\Scripts\UMAAssetTreeView.cs(89,5): warning CS0618: 'TreeViewItem' is obsolete: 'TreeViewItem is now deprecated. You can likely now use TreeViewItem<int> instead and not think more about it. But if you were using that identifier to store InstanceID data, you should instead opt to upgrade your TreeViews to use TreeViewItem<InstanceID> to get the proper typing.'

Assets\UMA\Core\Editor\Scripts\UMAAssetTreeView.cs(163,42): warning CS0618: 'TreeViewItem' is obsolete: 'TreeViewItem is now deprecated. You can likely now use TreeViewItem<int> instead and not think more about it. But if you were using that identifier to store InstanceID data, you should instead opt to upgrade your TreeViews to use TreeViewItem<InstanceID> to get the proper typing.'

Assets\UMA\Core\Editor\Scenes\OverlayViewerEditor.cs(359,20): warning CS0618: 'AssetDatabase.GetAssetPath(int)' is obsolete: 'Please use GetAssetPath(EntityId) with the EntityId parameter type instead.'

Assets\UMA\Core\Editor\Decals\DecalEditor.cs(757,17): warning CS0618: 'Physics.BakeMesh(int, bool)' is obsolete: 'BakeMesh(int, bool) is obsolete. Use BakeMesh(EntityId, bool) instead.'

Assets\UMA\Core\Editor\Extensions\DynamicCharacterSystem\UMARandomizerEditor.cs(155,21): warning CS0618: 'AssetDatabase.GetAssetPath(int)' is obsolete: 'Please use GetAssetPath(EntityId) with the EntityId parameter type instead.'

Assets\UMA\Core\Editor\Scripts\AssetIndexerWindow.cs(439,46): warning CS0618: 'PlayerSettings.GetScriptingDefineSymbolsForGroup(BuildTargetGroup)' is obsolete: 'Use GetScriptingDefineSymbols(NamedBuildTarget buildTarget) instead'

Assets\UMA\Core\Editor\Scripts\AssetIndexerWindow.cs(441,6): warning CS0618: 'PlayerSettings.SetScriptingDefineSymbolsForGroup(BuildTargetGroup, string)' is obsolete: 'Use SetScriptingDefineSymbols(NamedBuildTarget buildTarget, string defines) instead'

Assets\UMA\Core\Editor\Scripts\TreeViewWithTreeModel.cs(24,49): warning CS0618: 'TreeViewItem' is obsolete: 'TreeViewItem is now deprecated. You can likely now use TreeViewItem<int> instead and not think more about it. But if you were using that identifier to store InstanceID data, you should instead opt to upgrade your TreeViews to use TreeViewItem<InstanceID> to get the proper typing.'

Assets\UMA\Core\Editor\Extensions\DynamicCharacterSystem\UMARandomizerEditor.cs(303,19): warning CS0618: 'AssetDatabase.GetAssetPath(int)' is obsolete: 'Please use GetAssetPath(EntityId) with the EntityId parameter type instead.'

Assets\UMA\Core\Editor\Scripts\ImportProcessor.cs(91,53): warning CS0618: 'PlayerSettings.GetScriptingDefineSymbolsForGroup(BuildTargetGroup)' is obsolete: 'Use GetScriptingDefineSymbols(NamedBuildTarget buildTarget) instead'

Assets\UMA\Core\Editor\Scripts\ImportProcessor.cs(95,17): warning CS0618: 'PlayerSettings.SetScriptingDefineSymbolsForGroup(BuildTargetGroup, string)' is obsolete: 'Use SetScriptingDefineSymbols(NamedBuildTarget buildTarget, string defines) instead'

Assets\UMA\Core\Editor\Extensions\DynamicCharacterSystem\UMARandomizerEditor.cs(380,19): warning CS0618: 'AssetDatabase.GetAssetPath(int)' is obsolete: 'Please use GetAssetPath(EntityId) with the EntityId parameter type instead.'

Assets\UMA\Core\Editor\Scripts\InspectorUtlity.cs(38,4): warning CS0618: 'Selection.instanceIDs' is obsolete: 'Use entityIds instead.'

Assets\UMA\Core\Editor\Scripts\AssetIndexerWindow.cs(1157,35): warning CS0618: 'AssetDatabase.GetAssetPath(int)' is obsolete: 'Please use GetAssetPath(EntityId) with the EntityId parameter type instead.'

Assets\UMA\Core\Editor\Scripts\AssetIndexerWindow.cs(1194,35): warning CS0618: 'AssetDatabase.GetAssetPath(int)' is obsolete: 'Please use GetAssetPath(EntityId) with the EntityId parameter type instead.'

Assets\UMA\Core\Editor\Scripts\AssetIndexerWindow.cs(1358,35): warning CS0618: 'AssetDatabase.GetAssetPath(int)' is obsolete: 'Please use GetAssetPath(EntityId) with the EntityId parameter type instead.'

Assets\UMA\Core\Editor\Scripts\AssetIndexerWindow.cs(1380,35): warning CS0618: 'AssetDatabase.GetAssetPath(int)' is obsolete: 'Please use GetAssetPath(EntityId) with the EntityId parameter type instead.'

Assets\UMA\Core\Editor\Scripts\CharacterBaseEditor.cs(2032,43): warning CS0618: 'AssetDatabase.GetAssetPath(int)' is obsolete: 'Please use GetAssetPath(EntityId) with the EntityId parameter type instead.'

Assets\UMA\Core\Editor\Scripts\AssetIndexerWindow.cs(1403,35): warning CS0618: 'AssetDatabase.GetAssetPath(int)' is obsolete: 'Please use GetAssetPath(EntityId) with the EntityId parameter type instead.'

Assets\UMA\Core\Editor\Scripts\AssetIndexerWindow.cs(1425,35): warning CS0618: 'AssetDatabase.GetAssetPath(int)' is obsolete: 'Please use GetAssetPath(EntityId) with the EntityId parameter type instead.'

Assets\UMA\Core\Editor\Scripts\UmaSlotBuilderWindow.cs(248,25): warning CS0618: 'AssetDatabase.GetAssetPath(int)' is obsolete: 'Please use GetAssetPath(EntityId) with the EntityId parameter type instead.'

Assets\UMA\Core\Editor\Scripts\UMABonePoseEditor.cs(72,5): warning CS0618: 'TreeViewItem' is obsolete: 'TreeViewItem is now deprecated. You can likely now use TreeViewItem<int> instead and not think more about it. But if you were using that identifier to store InstanceID data, you should instead opt to upgrade your TreeViews to use TreeViewItem<InstanceID> to get the proper typing.'

Assets\UMA\Core\Editor\Scripts\UMABonePoseEditor.cs(83,19): warning CS0618: 'TreeViewItem' is obsolete: 'TreeViewItem is now deprecated. You can likely now use TreeViewItem<int> instead and not think more about it. But if you were using that identifier to store InstanceID data, you should instead opt to upgrade your TreeViews to use TreeViewItem<InstanceID> to get the proper typing.'

Assets\UMA\Core\Editor\Scripts\UMABonePoseEditor.cs(115,20): warning CS0618: 'TreeViewItem' is obsolete: 'TreeViewItem is now deprecated. You can likely now use TreeViewItem<int> instead and not think more about it. But if you were using that identifier to store InstanceID data, you should instead opt to upgrade your TreeViews to use TreeViewItem<InstanceID> to get the proper typing.'

Assets\UMA\Core\Editor\Scripts\UMABonePoseEditor.cs(238,33): warning CS0618: 'TreeViewState' is obsolete: 'TreeViewState is now deprecated. You can likely now use TreeViewState<int> instead and not think more about it. But if you were using that identifier to store InstanceID data, you should instead opt to upgrade your TreeViews to use TreeViewState<InstanceID> to get the proper typing.'

Assets\UMA\Core\Editor\Scripts\UMAEditorUtilities.cs(329,27): warning CS0618: 'PlayerSettings.GetScriptingDefineSymbolsForGroup(BuildTargetGroup)' is obsolete: 'Use GetScriptingDefineSymbols(NamedBuildTarget buildTarget) instead'

Assets\UMA\Core\Editor\Scripts\UMAEditorUtilities.cs(342,13): warning CS0618: 'PlayerSettings.SetScriptingDefineSymbolsForGroup(BuildTargetGroup, string)' is obsolete: 'Use SetScriptingDefineSymbols(NamedBuildTarget buildTarget, string defines) instead'

Assets\UMA\Core\Editor\Scripts\UMAEditorUtilities.cs(412,23): warning CS0618: 'AssetDatabase.GetAssetPath(int)' is obsolete: 'Please use GetAssetPath(EntityId) with the EntityId parameter type instead.'

Assets\UMA\Core\Editor\Scripts\UmaSlotBuilderWindow.cs(509,27): warning CS0618: 'AssetDatabase.GetAssetPath(int)' is obsolete: 'Please use GetAssetPath(EntityId) with the EntityId parameter type instead.'

Assets\UMA\Core\Editor\Scripts\UMABonePoseEditor.cs(815,20): warning CS0618: 'Object.FindObjectOfType<T>()' is obsolete: 'Object.FindObjectOfType has been deprecated. Use Object.FindFirstObjectByType instead or if finding any instance is acceptable the faster Object.FindAnyObjectByType'

Assets\UMA\Core\Editor\Scripts\UMABonePoseEditor.cs(1135,52): warning CS0618: 'TreeViewItem' is obsolete: 'TreeViewItem is now deprecated. You can likely now use TreeViewItem<int> instead and not think more about it. But if you were using that identifier to store InstanceID data, you should instead opt to upgrade your TreeViews to use TreeViewItem<InstanceID> to get the proper typing.'

Assets\UMA\Core\Editor\Scripts\UMABonePoseEditor.cs(1164,15): warning CS0618: 'TreeViewItem' is obsolete: 'TreeViewItem is now deprecated. You can likely now use TreeViewItem<int> instead and not think more about it. But if you were using that identifier to store InstanceID data, you should instead opt to upgrade your TreeViews to use TreeViewItem<InstanceID> to get the proper typing.'

Assets\UMA\Core\Editor\Scripts\UMABonePoseEditor.cs(1175,4): warning CS0618: 'TreeViewItem' is obsolete: 'TreeViewItem is now deprecated. You can likely now use TreeViewItem<int> instead and not think more about it. But if you were using that identifier to store InstanceID data, you should instead opt to upgrade your TreeViews to use TreeViewItem<InstanceID> to get the proper typing.'

Assets\UMA\Core\Editor\Scripts\UMABonePoseEditor.cs(1175,28): warning CS0618: 'TreeViewItem' is obsolete: 'TreeViewItem is now deprecated. You can likely now use TreeViewItem<int> instead and not think more about it. But if you were using that identifier to store InstanceID data, you should instead opt to upgrade your TreeViews to use TreeViewItem<InstanceID> to get the proper typing.'

Assets\UMA\Core\Editor\Scripts\UMABonePoseEditor.cs(1188,5): warning CS0618: 'TreeViewItem' is obsolete: 'TreeViewItem is now deprecated. You can likely now use TreeViewItem<int> instead and not think more about it. But if you were using that identifier to store InstanceID data, you should instead opt to upgrade your TreeViews to use TreeViewItem<InstanceID> to get the proper typing.'

Assets\UMA\Core\Editor\Scripts\UMABonePoseEditor.cs(1188,29): warning CS0618: 'TreeViewItem' is obsolete: 'TreeViewItem is now deprecated. You can likely now use TreeViewItem<int> instead and not think more about it. But if you were using that identifier to store InstanceID data, you should instead opt to upgrade your TreeViews to use TreeViewItem<InstanceID> to get the proper typing.'

Assets\UMA\Core\Editor\Scripts\AssetIndexerWindow.cs(2001,43): warning CS0618: 'TreeViewState' is obsolete: 'TreeViewState is now deprecated. You can likely now use TreeViewState<int> instead and not think more about it. But if you were using that identifier to store InstanceID data, you should instead opt to upgrade your TreeViews to use TreeViewState<InstanceID> to get the proper typing.'

Assets\UMA\Core\Editor\Scripts\RaceInspector.cs(57,19): warning CS0618: 'AssetDatabase.GetAssetPath(int)' is obsolete: 'Please use GetAssetPath(EntityId) with the EntityId parameter type instead.'

Assets\UMA\Core\Editor\Scripts\SlotDataAssetInspector.cs(67,18): warning CS0618: 'AssetDatabase.GetAssetPath(int)' is obsolete: 'Please use GetAssetPath(EntityId) with the EntityId parameter type instead.'

Assets\UMA\Core\Editor\Scripts\UMAAvatarLoadSaveMenuItems.cs(91,26): warning CS0618: 'ShaderUtil.GetPropertyCount(Shader)' is obsolete: 'Use Shader.GetPropertyCount instead.'

Assets\UMA\Core\Editor\Scripts\UMAAvatarLoadSaveMenuItems.cs(93,11): warning CS0618: 'ShaderUtil.GetPropertyType(Shader, int)' is obsolete: 'Use Shader.GetPropertyType instead.'

Assets\UMA\Core\Editor\Scripts\UMAAvatarLoadSaveMenuItems.cs(93,52): warning CS0618: 'ShaderUtil.ShaderPropertyType' is obsolete: 'Use UnityEngine.Rendering.ShaderPropertyType instead.'

Assets\UMA\Core\Editor\Scripts\UMAAvatarLoadSaveMenuItems.cs(93,52): warning CS0618: 'ShaderUtil.ShaderPropertyType.TexEnv' is obsolete: 'Use UnityEngine.Rendering.ShaderPropertyType.Texture instead.'

Assets\UMA\Core\Editor\Scripts\UMAAvatarLoadSaveMenuItems.cs(95,30): warning CS0618: 'ShaderUtil.GetPropertyName(Shader, int)' is obsolete: 'Use Shader.GetPropertyName instead.'

Assets\UMA\Core\Editor\Scripts\UMAAvatarLoadSaveMenuItems.cs(99,23): warning CS0618: 'AssetDatabase.GetAssetPath(int)' is obsolete: 'Please use GetAssetPath(EntityId) with the EntityId parameter type instead.'

Assets\UMA\Core\Editor\Scripts\WelcomeToUMA.cs(582,41): warning CS0618: 'Object.FindObjectsOfType<T>(bool)' is obsolete: 'Object.FindObjectsOfType has been deprecated. Use Object.FindObjectsByType instead which lets you decide whether you need the results sorted or not.  FindObjectsOfType sorts the results by InstanceID but if you do not need this using FindObjectSortMode.None is considerably faster.'

Assets\UMA\Core\Editor\Scripts\SlotDataAssetInspector.cs(273,20): warning CS0618: 'AssetDatabase.GetAssetPath(int)' is obsolete: 'Please use GetAssetPath(EntityId) with the EntityId parameter type instead.'

Assets\UMA\Core\Editor\Scripts\SlotDataAssetInspector.cs(623,19): warning CS0618: 'AssetDatabase.GetAssetPath(int)' is obsolete: 'Please use GetAssetPath(EntityId) with the EntityId parameter type instead.'

Assets\UMA\Core\Editor\Extensions\DynamicCharacterSystem\pWardrobeRecipeEditor.cs(1026,20): warning CS0618: 'AssetDatabase.GetAssetPath(int)' is obsolete: 'Please use GetAssetPath(EntityId) with the EntityId parameter type instead.'

Assets\UMA\Core\Editor\Extensions\DynamicCharacterSystem\pWardrobeRecipeEditor.cs(1119,20): warning CS0618: 'AssetDatabase.GetAssetPath(int)' is obsolete: 'Please use GetAssetPath(EntityId) with the EntityId parameter type instead.'

Assets\UMA\Core\Editor\Extensions\DynamicCharacterSystem\pWardrobeRecipeEditor.cs(1126,20): warning CS0618: 'AssetDatabase.GetAssetPath(int)' is obsolete: 'Please use GetAssetPath(EntityId) with the EntityId parameter type instead.'

Assets\UMA\Core\Editor\Scripts\UMAMaterialInspector.cs(416,25): warning CS0618: 'ShaderUtil.GetPropertyCount(Shader)' is obsolete: 'Use Shader.GetPropertyCount instead.'

Assets\UMA\Core\Editor\Scripts\UMAMaterialInspector.cs(426,21): warning CS0618: 'ShaderUtil.GetPropertyType(Shader, int)' is obsolete: 'Use Shader.GetPropertyType instead.'

Assets\UMA\Core\Editor\Scripts\UMAMaterialInspector.cs(426,62): warning CS0618: 'ShaderUtil.ShaderPropertyType' is obsolete: 'Use UnityEngine.Rendering.ShaderPropertyType instead.'

Assets\UMA\Core\Editor\Scripts\UMAMaterialInspector.cs(426,62): warning CS0618: 'ShaderUtil.ShaderPropertyType.TexEnv' is obsolete: 'Use UnityEngine.Rendering.ShaderPropertyType.Texture instead.'

Assets\UMA\Core\Editor\Scripts\UMAMaterialInspector.cs(428,39): warning CS0618: 'ShaderUtil.GetPropertyName(Shader, int)' is obsolete: 'Use Shader.GetPropertyName instead.'

Assets\UMA\Core\Editor\Extensions\DynamicCharacterSystem\pWardrobeRecipeEditor.cs(1379,31): warning CS0618: 'AssetDatabase.GetAssetPath(int)' is obsolete: 'Please use GetAssetPath(EntityId) with the EntityId parameter type instead.'

Assets\UMA\Core\Editor\Extensions\DynamicCharacterSystem\pWardrobeRecipeEditor.cs(1403,31): warning CS0618: 'AssetDatabase.GetAssetPath(int)' is obsolete: 'Please use GetAssetPath(EntityId) with the EntityId parameter type instead.'

Assets\UMA\Core\Editor\Scripts\SlotDataAssetInspector.cs(807,18): warning CS0618: 'AssetDatabase.GetAssetPath(int)' is obsolete: 'Please use GetAssetPath(EntityId) with the EntityId parameter type instead.'

Assets\UMA\Core\Editor\Scripts\WelcomeToUMA.cs(1402,41): warning CS0618: 'Object.FindObjectsOfType<T>()' is obsolete: 'Object.FindObjectsOfType has been deprecated. Use Object.FindObjectsByType instead which lets you decide whether you need the results sorted or not.  FindObjectsOfType sorts the results by InstanceID but if you do not need this using FindObjectSortMode.None is considerably faster.'

Assets\UMA\Core\Editor\Scripts\WelcomeToUMA.cs(1418,41): warning CS0618: 'Object.FindObjectsOfType<T>()' is obsolete: 'Object.FindObjectsOfType has been deprecated. Use Object.FindObjectsByType instead which lets you decide whether you need the results sorted or not.  FindObjectsOfType sorts the results by InstanceID but if you do not need this using FindObjectSortMode.None is considerably faster.'

Assets\UMA\Core\Editor\Scripts\WelcomeToUMA.cs(1428,41): warning CS0618: 'Object.FindObjectsOfType<T>()' is obsolete: 'Object.FindObjectsOfType has been deprecated. Use Object.FindObjectsByType instead which lets you decide whether you need the results sorted or not.  FindObjectsOfType sorts the results by InstanceID but if you do not need this using FindObjectSortMode.None is considerably faster.'

Assets\UMA\Core\Editor\Scripts\WelcomeToUMA.cs(1438,41): warning CS0618: 'Object.FindObjectsOfType<T>()' is obsolete: 'Object.FindObjectsOfType has been deprecated. Use Object.FindObjectsByType instead which lets you decide whether you need the results sorted or not.  FindObjectsOfType sorts the results by InstanceID but if you do not need this using FindObjectSortMode.None is considerably faster.'

Assets\UMA\Core\Editor\Scripts\WelcomeToUMA.cs(1461,45): warning CS0618: 'Object.FindObjectsOfType<T>()' is obsolete: 'Object.FindObjectsOfType has been deprecated. Use Object.FindObjectsByType instead which lets you decide whether you need the results sorted or not.  FindObjectsOfType sorts the results by InstanceID but if you do not need this using FindObjectSortMode.None is considerably faster.'

Assets\UMA\Core\Editor\Scripts\WelcomeToUMA.cs(1489,41): warning CS0618: 'Object.FindObjectsOfType<T>(bool)' is obsolete: 'Object.FindObjectsOfType has been deprecated. Use Object.FindObjectsByType instead which lets you decide whether you need the results sorted or not.  FindObjectsOfType sorts the results by InstanceID but if you do not need this using FindObjectSortMode.None is considerably faster.'
[707/969    0s] MovedFromExtractor Library/Bee/artifacts/mvdfrm/Unity.RenderPipelines.Core.Runtime.ref.dll_CE6A42C97D96EB0A.mvfrm
[708/969    0s] ILPostProcess Library/Bee/artifacts/1900b0aE.dag/post-processed/Unity.Profiling.Core.dll (+pdb)
Processing assembly Library/Bee/artifacts/1900b0aE.dag/Unity.Profiling.Core.dll, with 141 defines and 269 references

processors: Unity.Jobs.CodeGen.JobsILPostProcessor, zzzUnity.Burst.CodeGen.BurstILPostProcessor

running Unity.Jobs.CodeGen.JobsILPostProcessor

running zzzUnity.Burst.CodeGen.BurstILPostProcessor
[709/969    0s] ILPostProcess Library/Bee/artifacts/1900b0aE.dag/post-processed/UMA_Examples.dll (+pdb)
Processing assembly Library/Bee/artifacts/1900b0aE.dag/UMA_Examples.dll, with 141 defines and 272 references

processors: Unity.Jobs.CodeGen.JobsILPostProcessor, zzzUnity.Burst.CodeGen.BurstILPostProcessor

running Unity.Jobs.CodeGen.JobsILPostProcessor

running zzzUnity.Burst.CodeGen.BurstILPostProcessor
[710/969    0s] ILPostProcess Library/Bee/artifacts/1900b0aE.dag/post-processed/Unity.AI.Navigation.dll (+pdb)
Processing assembly Library/Bee/artifacts/1900b0aE.dag/Unity.AI.Navigation.dll, with 142 defines and 269 references

processors: Unity.Jobs.CodeGen.JobsILPostProcessor, zzzUnity.Burst.CodeGen.BurstILPostProcessor

running Unity.Jobs.CodeGen.JobsILPostProcessor

running zzzUnity.Burst.CodeGen.BurstILPostProcessor
[711/969    0s] ILPostProcess Library/Bee/artifacts/1900b0aE.dag/post-processed/Unity.Multiplayer.Center.Common.dll (+pdb)
Processing assembly Library/Bee/artifacts/1900b0aE.dag/Unity.Multiplayer.Center.Common.dll, with 141 defines and 269 references

processors: Unity.Jobs.CodeGen.JobsILPostProcessor, zzzUnity.Burst.CodeGen.BurstILPostProcessor

running Unity.Jobs.CodeGen.JobsILPostProcessor

running zzzUnity.Burst.CodeGen.BurstILPostProcessor
[712/969    0s] ILPostProcess Library/Bee/artifacts/1900b0aE.dag/post-processed/Unity.Postprocessing.Runtime.dll (+pdb)
Processing assembly Library/Bee/artifacts/1900b0aE.dag/Unity.Postprocessing.Runtime.dll, with 144 defines and 269 references

processors: Unity.Jobs.CodeGen.JobsILPostProcessor, zzzUnity.Burst.CodeGen.BurstILPostProcessor

running Unity.Jobs.CodeGen.JobsILPostProcessor

running zzzUnity.Burst.CodeGen.BurstILPostProcessor
[713/969    0s] ILPostProcess Library/Bee/artifacts/1900b0aE.dag/post-processed/Unity.ScriptableBuildPipeline.dll (+pdb)
Processing assembly Library/Bee/artifacts/1900b0aE.dag/Unity.ScriptableBuildPipeline.dll, with 141 defines and 269 references

processors: Unity.Jobs.CodeGen.JobsILPostProcessor, zzzUnity.Burst.CodeGen.BurstILPostProcessor

running Unity.Jobs.CodeGen.JobsILPostProcessor

running zzzUnity.Burst.CodeGen.BurstILPostProcessor
[714/969    0s] ILPostProcess Library/Bee/artifacts/1900b0aE.dag/post-processed/Unity.Timeline.dll (+pdb)
Processing assembly Library/Bee/artifacts/1900b0aE.dag/Unity.Timeline.dll, with 142 defines and 269 references

processors: Unity.Jobs.CodeGen.JobsILPostProcessor, zzzUnity.Burst.CodeGen.BurstILPostProcessor

running Unity.Jobs.CodeGen.JobsILPostProcessor

running zzzUnity.Burst.CodeGen.BurstILPostProcessor
[715/969    0s] ILPostProcess Library/Bee/artifacts/1900b0aE.dag/post-processed/Unity.Addressables.dll (+pdb)
Processing assembly Library/Bee/artifacts/1900b0aE.dag/Unity.Addressables.dll, with 141 defines and 270 references

processors: Unity.Jobs.CodeGen.JobsILPostProcessor, zzzUnity.Burst.CodeGen.BurstILPostProcessor

running Unity.Jobs.CodeGen.JobsILPostProcessor

running zzzUnity.Burst.CodeGen.BurstILPostProcessor
[716/969    0s] ILPostProcess Library/Bee/artifacts/1900b0aE.dag/post-processed/Textus.SerializeReferenceUI.dll (+pdb)
Processing assembly Library/Bee/artifacts/1900b0aE.dag/Textus.SerializeReferenceUI.dll, with 141 defines and 269 references

processors: Unity.Jobs.CodeGen.JobsILPostProcessor, zzzUnity.Burst.CodeGen.BurstILPostProcessor

running Unity.Jobs.CodeGen.JobsILPostProcessor

running zzzUnity.Burst.CodeGen.BurstILPostProcessor
[717/969    0s] ILPostProcess Library/Bee/artifacts/1900b0aE.dag/post-processed/Unity.InternalAPIEngineBridge.004.dll (+pdb)
Processing assembly Library/Bee/artifacts/1900b0aE.dag/Unity.InternalAPIEngineBridge.004.dll, with 141 defines and 269 references

processors: Unity.Jobs.CodeGen.JobsILPostProcessor, zzzUnity.Burst.CodeGen.BurstILPostProcessor

running Unity.Jobs.CodeGen.JobsILPostProcessor

running zzzUnity.Burst.CodeGen.BurstILPostProcessor
[718/969    0s] ILPostProcess Library/Bee/artifacts/1900b0aE.dag/post-processed/Unity.Localization.dll (+pdb)
Processing assembly Library/Bee/artifacts/1900b0aE.dag/Unity.Localization.dll, with 146 defines and 273 references

processors: Unity.Jobs.CodeGen.JobsILPostProcessor, zzzUnity.Burst.CodeGen.BurstILPostProcessor

running Unity.Jobs.CodeGen.JobsILPostProcessor

running zzzUnity.Burst.CodeGen.BurstILPostProcessor
[719/969    0s] ILPostProcess Library/Bee/artifacts/1900b0aE.dag/post-processed/UMA_Content.dll (+pdb)
Processing assembly Library/Bee/artifacts/1900b0aE.dag/UMA_Content.dll, with 141 defines and 270 references

processors: Unity.Jobs.CodeGen.JobsILPostProcessor, zzzUnity.Burst.CodeGen.BurstILPostProcessor

running Unity.Jobs.CodeGen.JobsILPostProcessor

running zzzUnity.Burst.CodeGen.BurstILPostProcessor
[720/969    0s] ILPostProcess Library/Bee/artifacts/1900b0aE.dag/post-processed/Unity.TextMeshPro.dll (+pdb)
Processing assembly Library/Bee/artifacts/1900b0aE.dag/Unity.TextMeshPro.dll, with 142 defines and 270 references

processors: Unity.Jobs.CodeGen.JobsILPostProcessor, zzzUnity.Burst.CodeGen.BurstILPostProcessor

running Unity.Jobs.CodeGen.JobsILPostProcessor

running zzzUnity.Burst.CodeGen.BurstILPostProcessor
[721/969    0s] MovedFromExtractor-Combine Library/Bee/artifacts/1900b0aE.dag/Unity.RenderPipelines.GPUDriven.Runtime.dll.mvfrm
[722/969    0s] ILPostProcess Library/Bee/artifacts/1900b0aE.dag/post-processed/Unity.ResourceManager.dll (+pdb)
Processing assembly Library/Bee/artifacts/1900b0aE.dag/Unity.ResourceManager.dll, with 142 defines and 270 references

processors: Unity.Jobs.CodeGen.JobsILPostProcessor, zzzUnity.Burst.CodeGen.BurstILPostProcessor

running Unity.Jobs.CodeGen.JobsILPostProcessor

running zzzUnity.Burst.CodeGen.BurstILPostProcessor
[723/969    0s] ILPostProcess Library/Bee/artifacts/1900b0aE.dag/post-processed/Unity.RenderPipelines.Universal.Shaders.dll (+pdb)
Processing assembly Library/Bee/artifacts/1900b0aE.dag/Unity.RenderPipelines.Universal.Shaders.dll, with 141 defines and 269 references

processors: Unity.Jobs.CodeGen.JobsILPostProcessor, zzzUnity.Burst.CodeGen.BurstILPostProcessor

running Unity.Jobs.CodeGen.JobsILPostProcessor

running zzzUnity.Burst.CodeGen.BurstILPostProcessor
[724/969    0s] MovedFromExtractor-Combine Library/Bee/artifacts/1900b0aE.dag/Unity.RenderPipeline.Universal.ShaderLibrary.dll.mvfrm
[725/969    0s] MovedFromExtractor-Combine Library/Bee/artifacts/1900b0aE.dag/Unity.TextMeshPro.Editor.dll.mvfrm
[726/969    0s] MovedFromExtractor-Combine Library/Bee/artifacts/1900b0aE.dag/Unity.RenderPipelines.Core.Runtime.Shared.dll.mvfrm
[727/969    0s] ILPostProcess Library/Bee/artifacts/1900b0aE.dag/post-processed/Unity.InputSystem.ForUI.dll (+pdb)
Processing assembly Library/Bee/artifacts/1900b0aE.dag/Unity.InputSystem.ForUI.dll, with 141 defines and 270 references

processors: Unity.Jobs.CodeGen.JobsILPostProcessor, zzzUnity.Burst.CodeGen.BurstILPostProcessor

running Unity.Jobs.CodeGen.JobsILPostProcessor

running zzzUnity.Burst.CodeGen.BurstILPostProcessor
[728/969    0s] ILPostProcess Library/Bee/artifacts/1900b0aE.dag/post-processed/Unity.RenderPipelines.Core.ShaderLibrary.dll (+pdb)
Processing assembly Library/Bee/artifacts/1900b0aE.dag/Unity.RenderPipelines.Core.ShaderLibrary.dll, with 141 defines and 269 references

processors: Unity.Jobs.CodeGen.JobsILPostProcessor, zzzUnity.Burst.CodeGen.BurstILPostProcessor

running Unity.Jobs.CodeGen.JobsILPostProcessor

running zzzUnity.Burst.CodeGen.BurstILPostProcessor
[729/969    0s] ILPostProcess Library/Bee/artifacts/1900b0aE.dag/post-processed/Unity.InternalAPIEngineBridge.013.dll (+pdb)
Processing assembly Library/Bee/artifacts/1900b0aE.dag/Unity.InternalAPIEngineBridge.013.dll, with 141 defines and 269 references

processors: Unity.Jobs.CodeGen.JobsILPostProcessor, zzzUnity.Burst.CodeGen.BurstILPostProcessor

running Unity.Jobs.CodeGen.JobsILPostProcessor

running zzzUnity.Burst.CodeGen.BurstILPostProcessor
[730/969    0s] MovedFromExtractor-Combine Library/Bee/artifacts/1900b0aE.dag/Unity.RenderPipelines.Universal.Config.Runtime.dll.mvfrm
[731/969    0s] ILPostProcess Library/Bee/artifacts/1900b0aE.dag/post-processed/Unity.InputSystem.dll (+pdb)
Processing assembly Library/Bee/artifacts/1900b0aE.dag/Unity.InputSystem.dll, with 152 defines and 269 references

processors: Unity.Jobs.CodeGen.JobsILPostProcessor, zzzUnity.Burst.CodeGen.BurstILPostProcessor

running Unity.Jobs.CodeGen.JobsILPostProcessor

running zzzUnity.Burst.CodeGen.BurstILPostProcessor
[732/969    0s] ILPostProcess Library/Bee/artifacts/1900b0aE.dag/post-processed/Unity.InputSystem.TestFramework.dll (+pdb)
Processing assembly Library/Bee/artifacts/1900b0aE.dag/Unity.InputSystem.TestFramework.dll, with 142 defines and 265 references

processors: Unity.Jobs.CodeGen.JobsILPostProcessor, zzzUnity.Burst.CodeGen.BurstILPostProcessor

running Unity.Jobs.CodeGen.JobsILPostProcessor

running zzzUnity.Burst.CodeGen.BurstILPostProcessor
[733/969    0s] ILPostProcess Library/Bee/artifacts/1900b0aE.dag/post-processed/Unity.PerformanceTesting.dll (+pdb)
Processing assembly Library/Bee/artifacts/1900b0aE.dag/Unity.PerformanceTesting.dll, with 142 defines and 263 references

processors: Unity.Jobs.CodeGen.JobsILPostProcessor, zzzUnity.Burst.CodeGen.BurstILPostProcessor

running Unity.Jobs.CodeGen.JobsILPostProcessor

running zzzUnity.Burst.CodeGen.BurstILPostProcessor
[734/969    1s] Csc Library/Bee/artifacts/1900b0aE.dag/UMA_Examples_Editor.dll (+2 others)
[735/969    0s] ILPostProcess Library/Bee/artifacts/1900b0aE.dag/post-processed/UnityEngine.UI.dll (+pdb)
Processing assembly Library/Bee/artifacts/1900b0aE.dag/UnityEngine.UI.dll, with 147 defines and 267 references

processors: Unity.Jobs.CodeGen.JobsILPostProcessor, zzzUnity.Burst.CodeGen.BurstILPostProcessor

running Unity.Jobs.CodeGen.JobsILPostProcessor

running zzzUnity.Burst.CodeGen.BurstILPostProcessor
[736/969    0s] ILPostProcess Library/Bee/artifacts/1900b0aE.dag/post-processed/Unity.Mathematics.dll (+pdb)
Processing assembly Library/Bee/artifacts/1900b0aE.dag/Unity.Mathematics.dll, with 141 defines and 269 references

processors: Unity.Jobs.CodeGen.JobsILPostProcessor, zzzUnity.Burst.CodeGen.BurstILPostProcessor

running Unity.Jobs.CodeGen.JobsILPostProcessor

running zzzUnity.Burst.CodeGen.BurstILPostProcessor
[737/969    1s] ILPostProcess Library/Bee/artifacts/1900b0aE.dag/post-processed/Unity.RenderPipelines.ShaderGraph.ShaderGraphLibrary.dll (+pdb)
Processing assembly Library/Bee/artifacts/1900b0aE.dag/Unity.RenderPipelines.ShaderGraph.ShaderGraphLibrary.dll, with 141 defines and 269 references

processors: Unity.Jobs.CodeGen.JobsILPostProcessor, zzzUnity.Burst.CodeGen.BurstILPostProcessor

running Unity.Jobs.CodeGen.JobsILPostProcessor

running zzzUnity.Burst.CodeGen.BurstILPostProcessor
[738/969    0s] ILPostProcess Library/Bee/artifacts/1900b0aE.dag/post-processed/UMA_Examples_Editor.dll (+pdb)
Processing assembly Library/Bee/artifacts/1900b0aE.dag/UMA_Examples_Editor.dll, with 142 defines and 277 references

processors: Unity.Jobs.CodeGen.JobsILPostProcessor, zzzUnity.Burst.CodeGen.BurstILPostProcessor

running Unity.Jobs.CodeGen.JobsILPostProcessor

running zzzUnity.Burst.CodeGen.BurstILPostProcessor
[739/969    1s] Csc Library/Bee/artifacts/1900b0aE.dag/Unity.RenderPipeline.Universal.ShaderLibrary.dll (+2 others)
[740/969    0s] ILPostProcess Library/Bee/artifacts/1900b0aE.dag/post-processed/Unity.AI.Navigation.Updater.dll (+pdb)
Processing assembly Library/Bee/artifacts/1900b0aE.dag/Unity.AI.Navigation.Updater.dll, with 142 defines and 278 references

processors: Unity.Jobs.CodeGen.JobsILPostProcessor, zzzUnity.Burst.CodeGen.BurstILPostProcessor

running Unity.Jobs.CodeGen.JobsILPostProcessor

running zzzUnity.Burst.CodeGen.BurstILPostProcessor
[741/969    0s] ILPostProcess Library/Bee/artifacts/1900b0aE.dag/post-processed/UnityEditor.UI.Analytics.dll (+pdb)
Processing assembly Library/Bee/artifacts/1900b0aE.dag/UnityEditor.UI.Analytics.dll, with 142 defines and 276 references

processors: Unity.Jobs.CodeGen.JobsILPostProcessor, zzzUnity.Burst.CodeGen.BurstILPostProcessor

running Unity.Jobs.CodeGen.JobsILPostProcessor

running zzzUnity.Burst.CodeGen.BurstILPostProcessor
[742/969    1s] Csc Library/Bee/artifacts/1900b0aE.dag/Unity.RenderPipelines.Core.Runtime.Shared.dll (+2 others)
[743/969    1s] ILPostProcess Library/Bee/artifacts/1900b0aE.dag/post-processed/Unity.ShaderGraph.Utilities.dll (+pdb)
Processing assembly Library/Bee/artifacts/1900b0aE.dag/Unity.ShaderGraph.Utilities.dll, with 142 defines and 275 references

processors: Unity.Jobs.CodeGen.JobsILPostProcessor, zzzUnity.Burst.CodeGen.BurstILPostProcessor

running Unity.Jobs.CodeGen.JobsILPostProcessor

running zzzUnity.Burst.CodeGen.BurstILPostProcessor
[           0s] Csc Library/Bee/artifacts/1900b0aE.dag/Unity.RenderPipeline.Universal.ShaderLibrary.dll (+2 others) [CacheWrite 00000000000000000000000000000005]
[           0s] Csc Library/Bee/artifacts/1900b0aE.dag/Unity.RenderPipelines.Core.Runtime.Shared.dll (+2 others) [CacheWrite 00000000000000000000000000000005]
[744/969    1s] ILPostProcess Library/Bee/artifacts/1900b0aE.dag/post-processed/Unity.ScriptableBuildPipeline.Editor.dll (+pdb)
Processing assembly Library/Bee/artifacts/1900b0aE.dag/Unity.ScriptableBuildPipeline.Editor.dll, with 145 defines and 276 references

processors: Unity.Jobs.CodeGen.JobsILPostProcessor, zzzUnity.Burst.CodeGen.BurstILPostProcessor

running Unity.Jobs.CodeGen.JobsILPostProcessor

running zzzUnity.Burst.CodeGen.BurstILPostProcessor
[745/969    0s] ILPostProcess Library/Bee/artifacts/1900b0aE.dag/post-processed/Unity.InputSystem.DocCodeSamples.dll (+pdb)
Processing assembly Library/Bee/artifacts/1900b0aE.dag/Unity.InputSystem.DocCodeSamples.dll, with 142 defines and 270 references

processors: Unity.Jobs.CodeGen.JobsILPostProcessor, zzzUnity.Burst.CodeGen.BurstILPostProcessor

running Unity.Jobs.CodeGen.JobsILPostProcessor

running zzzUnity.Burst.CodeGen.BurstILPostProcessor
[746/969    0s] ILPostProcess Library/Bee/artifacts/1900b0aE.dag/post-processed/Unity.2D.Sprite.Editor.dll (+pdb)
Processing assembly Library/Bee/artifacts/1900b0aE.dag/Unity.2D.Sprite.Editor.dll, with 142 defines and 275 references

processors: Unity.Jobs.CodeGen.JobsILPostProcessor, zzzUnity.Burst.CodeGen.BurstILPostProcessor

running Unity.Jobs.CodeGen.JobsILPostProcessor

running zzzUnity.Burst.CodeGen.BurstILPostProcessor
[747/969    0s] ILPostProcess Library/Bee/artifacts/1900b0aE.dag/post-processed/Unity.Mathematics.Editor.dll (+pdb)
Processing assembly Library/Bee/artifacts/1900b0aE.dag/Unity.Mathematics.Editor.dll, with 142 defines and 276 references

processors: Unity.Jobs.CodeGen.JobsILPostProcessor, zzzUnity.Burst.CodeGen.BurstILPostProcessor

running Unity.Jobs.CodeGen.JobsILPostProcessor

running zzzUnity.Burst.CodeGen.BurstILPostProcessor
[748/969    0s] MovedFromExtractor Library/Bee/artifacts/mvdfrm/Unity.RenderPipelines.Core.Runtime.Shared.ref.dll_547B576A1A56EABF.mvfrm
[749/969    0s] ILPostProcess Library/Bee/artifacts/1900b0aE.dag/post-processed/Unity.RenderPipelines.Core.Runtime.Shared.dll (+pdb)
Processing assembly Library/Bee/artifacts/1900b0aE.dag/Unity.RenderPipelines.Core.Runtime.Shared.dll, with 141 defines and 270 references

processors: Unity.Jobs.CodeGen.JobsILPostProcessor, zzzUnity.Burst.CodeGen.BurstILPostProcessor

running Unity.Jobs.CodeGen.JobsILPostProcessor

running zzzUnity.Burst.CodeGen.BurstILPostProcessor
[750/969    0s] ILPostProcess Library/Bee/artifacts/1900b0aE.dag/post-processed/Unity.RenderPipeline.Universal.ShaderLibrary.dll (+pdb)
Processing assembly Library/Bee/artifacts/1900b0aE.dag/Unity.RenderPipeline.Universal.ShaderLibrary.dll, with 141 defines and 270 references

processors: Unity.Jobs.CodeGen.JobsILPostProcessor, zzzUnity.Burst.CodeGen.BurstILPostProcessor

running Unity.Jobs.CodeGen.JobsILPostProcessor

running zzzUnity.Burst.CodeGen.BurstILPostProcessor
[751/969    0s] ILPostProcess Library/Bee/artifacts/1900b0aE.dag/post-processed/Unity.Addressables.Editor.dll (+pdb)
Processing assembly Library/Bee/artifacts/1900b0aE.dag/Unity.Addressables.Editor.dll, with 143 defines and 279 references

processors: Unity.Jobs.CodeGen.JobsILPostProcessor, zzzUnity.Burst.CodeGen.BurstILPostProcessor

running Unity.Jobs.CodeGen.JobsILPostProcessor

running zzzUnity.Burst.CodeGen.BurstILPostProcessor
[752/969    0s] MovedFromExtractor Library/Bee/artifacts/mvdfrm/Unity.RenderPipeline.Universal.ShaderLibrary.ref.dll_5436F99F8BDCED8B.mvfrm
[753/969    0s] ILPostProcess Library/Bee/artifacts/1900b0aE.dag/post-processed/Unity.Multiplayer.Center.Editor.dll (+pdb)
Processing assembly Library/Bee/artifacts/1900b0aE.dag/Unity.Multiplayer.Center.Editor.dll, with 142 defines and 276 references

processors: Unity.Jobs.CodeGen.JobsILPostProcessor, zzzUnity.Burst.CodeGen.BurstILPostProcessor

running Unity.Jobs.CodeGen.JobsILPostProcessor

running zzzUnity.Burst.CodeGen.BurstILPostProcessor
[754/969    0s] ILPostProcess Library/Bee/artifacts/1900b0aE.dag/post-processed/Unity.AutoGroupGenerator.Editor.dll (+pdb)
Processing assembly Library/Bee/artifacts/1900b0aE.dag/Unity.AutoGroupGenerator.Editor.dll, with 142 defines and 277 references

processors: Unity.Jobs.CodeGen.JobsILPostProcessor, zzzUnity.Burst.CodeGen.BurstILPostProcessor

running Unity.Jobs.CodeGen.JobsILPostProcessor

running zzzUnity.Burst.CodeGen.BurstILPostProcessor
[755/969    0s] ILPostProcess Library/Bee/artifacts/1900b0aE.dag/post-processed/Unity.PerformanceTesting.Editor.dll (+pdb)
Processing assembly Library/Bee/artifacts/1900b0aE.dag/Unity.PerformanceTesting.Editor.dll, with 143 defines and 270 references

processors: Unity.Jobs.CodeGen.JobsILPostProcessor, zzzUnity.Burst.CodeGen.BurstILPostProcessor

running Unity.Jobs.CodeGen.JobsILPostProcessor

running zzzUnity.Burst.CodeGen.BurstILPostProcessor
[756/969    0s] ILPostProcess Library/Bee/artifacts/1900b0aE.dag/post-processed/Unity.AI.Navigation.Editor.dll (+pdb)
Processing assembly Library/Bee/artifacts/1900b0aE.dag/Unity.AI.Navigation.Editor.dll, with 143 defines and 277 references

processors: Unity.Jobs.CodeGen.JobsILPostProcessor, zzzUnity.Burst.CodeGen.BurstILPostProcessor

running Unity.Jobs.CodeGen.JobsILPostProcessor

running zzzUnity.Burst.CodeGen.BurstILPostProcessor
[757/969    0s] ILPostProcess Library/Bee/artifacts/1900b0aE.dag/post-processed/Unity.Postprocessing.Editor.dll (+pdb)
Processing assembly Library/Bee/artifacts/1900b0aE.dag/Unity.Postprocessing.Editor.dll, with 144 defines and 276 references

processors: Unity.Jobs.CodeGen.JobsILPostProcessor, zzzUnity.Burst.CodeGen.BurstILPostProcessor

running Unity.Jobs.CodeGen.JobsILPostProcessor

running zzzUnity.Burst.CodeGen.BurstILPostProcessor
[758/969    0s] ILPostProcess Library/Bee/artifacts/1900b0aE.dag/post-processed/Unity.Timeline.Editor.dll (+pdb)
Processing assembly Library/Bee/artifacts/1900b0aE.dag/Unity.Timeline.Editor.dll, with 143 defines and 276 references

processors: Unity.Jobs.CodeGen.JobsILPostProcessor, zzzUnity.Burst.CodeGen.BurstILPostProcessor

running Unity.Jobs.CodeGen.JobsILPostProcessor

running zzzUnity.Burst.CodeGen.BurstILPostProcessor
[759/969    0s] ILPostProcess Library/Bee/artifacts/1900b0aE.dag/post-processed/Unity.Localization.Editor.dll (+pdb)
Processing assembly Library/Bee/artifacts/1900b0aE.dag/Unity.Localization.Editor.dll, with 151 defines and 276 references

processors: Unity.Jobs.CodeGen.JobsILPostProcessor, zzzUnity.Burst.CodeGen.BurstILPostProcessor

running Unity.Jobs.CodeGen.JobsILPostProcessor

running zzzUnity.Burst.CodeGen.BurstILPostProcessor
[760/969    2s] Csc Library/Bee/artifacts/1900b0aE.dag/Unity.RenderPipelines.Universal.Config.Runtime.dll (+2 others)
[761/969    0s] ILPostProcess Library/Bee/artifacts/1900b0aE.dag/post-processed/Unity.InternalAPIEditorBridge.013.dll (+pdb)
Processing assembly Library/Bee/artifacts/1900b0aE.dag/Unity.InternalAPIEditorBridge.013.dll, with 145 defines and 275 references

processors: Unity.Jobs.CodeGen.JobsILPostProcessor, zzzUnity.Burst.CodeGen.BurstILPostProcessor

running Unity.Jobs.CodeGen.JobsILPostProcessor

running zzzUnity.Burst.CodeGen.BurstILPostProcessor
[762/969    0s] ILPostProcess Library/Bee/artifacts/1900b0aE.dag/post-processed/Unity.Addressables.DocExampleCode.Editor.Tests.dll (+pdb)
Processing assembly Library/Bee/artifacts/1900b0aE.dag/Unity.Addressables.DocExampleCode.Editor.Tests.dll, with 144 defines and 273 references

processors: Unity.Jobs.CodeGen.JobsILPostProcessor, zzzUnity.Burst.CodeGen.BurstILPostProcessor

running Unity.Jobs.CodeGen.JobsILPostProcessor

running zzzUnity.Burst.CodeGen.BurstILPostProcessor
[763/969    2s] Csc Library/Bee/artifacts/1900b0aE.dag/Unity.RenderPipelines.GPUDriven.Runtime.dll (+2 others)
[764/969    0s] ILPostProcess Library/Bee/artifacts/1900b0aE.dag/post-processed/Unity.AI.Navigation.Editor.ConversionSystem.dll (+pdb)
Processing assembly Library/Bee/artifacts/1900b0aE.dag/Unity.AI.Navigation.Editor.ConversionSystem.dll, with 142 defines and 275 references

processors: Unity.Jobs.CodeGen.JobsILPostProcessor, zzzUnity.Burst.CodeGen.BurstILPostProcessor

running Unity.Jobs.CodeGen.JobsILPostProcessor

running zzzUnity.Burst.CodeGen.BurstILPostProcessor
[765/969    0s] ILPostProcess Library/Bee/artifacts/1900b0aE.dag/post-processed/Shaderpackager-editor.dll (+pdb)
Processing assembly Library/Bee/artifacts/1900b0aE.dag/Shaderpackager-editor.dll, with 142 defines and 275 references

processors: Unity.Jobs.CodeGen.JobsILPostProcessor, zzzUnity.Burst.CodeGen.BurstILPostProcessor

running Unity.Jobs.CodeGen.JobsILPostProcessor

running zzzUnity.Burst.CodeGen.BurstILPostProcessor
[766/969    0s] ILPostProcess Library/Bee/artifacts/1900b0aE.dag/post-processed/Addressable_Editor.dll (+pdb)
Processing assembly Library/Bee/artifacts/1900b0aE.dag/Addressable_Editor.dll, with 142 defines and 277 references

processors: Unity.Jobs.CodeGen.JobsILPostProcessor, zzzUnity.Burst.CodeGen.BurstILPostProcessor

running Unity.Jobs.CodeGen.JobsILPostProcessor

running zzzUnity.Burst.CodeGen.BurstILPostProcessor
[767/969    0s] CopyFiles Library/ScriptAssemblies/Unity.InputSystem.ForUI.dll
[768/969    0s] CopyFiles Library/ScriptAssemblies/Unity.Profiling.Core.dll
[769/969    0s] CopyFiles Library/ScriptAssemblies/Unity.RenderPipelines.ShaderGraph.ShaderGraphLibrary.dll
[770/969    0s] CopyFiles Library/ScriptAssemblies/Unity.ScriptableBuildPipeline.dll
[771/969    0s] ILPostProcess Library/Bee/artifacts/1900b0aE.dag/post-processed/Unity.Rendering.LightTransport.Editor.dll (+pdb)
Processing assembly Library/Bee/artifacts/1900b0aE.dag/Unity.Rendering.LightTransport.Editor.dll, with 142 defines and 275 references

processors: Unity.Jobs.CodeGen.JobsILPostProcessor, zzzUnity.Burst.CodeGen.BurstILPostProcessor

running Unity.Jobs.CodeGen.JobsILPostProcessor

running zzzUnity.Burst.CodeGen.BurstILPostProcessor
[772/969    0s] CopyFiles Library/ScriptAssemblies/Unity.ResourceManager.dll
[773/969    0s] CopyFiles Library/ScriptAssemblies/Unity.Postprocessing.Runtime.dll
[774/969    0s] CopyFiles Library/ScriptAssemblies/Unity.InternalAPIEngineBridge.004.dll
[775/969    0s] CopyFiles Library/ScriptAssemblies/Unity.PerformanceTesting.dll
[776/969    0s] CopyFiles Library/ScriptAssemblies/Unity.InputSystem.TestFramework.dll
[777/969    0s] CopyFiles Library/ScriptAssemblies/Unity.RenderPipelines.Core.Runtime.Shared.dll
[           0s] Csc Library/Bee/artifacts/1900b0aE.dag/Unity.RenderPipelines.GPUDriven.Runtime.dll (+2 others) [CacheWrite 00000000000000000000000000000005]
[778/969    0s] CopyFiles Library/ScriptAssemblies/Unity.Timeline.dll
[779/969    0s] CopyFiles Library/ScriptAssemblies/Unity.RenderPipelines.Core.ShaderLibrary.dll
[780/969    0s] CopyFiles Library/ScriptAssemblies/UMA_Content.dll
[781/969    0s] CopyFiles Library/ScriptAssemblies/Unity.RenderPipeline.Universal.ShaderLibrary.dll
[782/969    0s] CopyFiles Library/ScriptAssemblies/Unity.Addressables.dll
[783/969    0s] CopyFiles Library/ScriptAssemblies/UnityEngine.UI.dll
[784/969    0s] CopyFiles Library/ScriptAssemblies/Unity.RenderPipelines.Universal.Shaders.dll
[785/969    0s] CopyFiles Library/ScriptAssemblies/Unity.TextMeshPro.dll
[786/969    0s] CopyFiles Library/ScriptAssemblies/Unity.InternalAPIEngineBridge.013.dll
[787/969    0s] CopyFiles Library/ScriptAssemblies/UMA_Examples.dll
[788/969    0s] CopyFiles Library/ScriptAssemblies/Unity.Multiplayer.Center.Common.dll
[789/969    0s] CopyFiles Library/ScriptAssemblies/Unity.AI.Navigation.dll
[790/969    0s] CopyFiles Library/ScriptAssemblies/Unity.Mathematics.dll
[791/969    0s] CopyFiles Library/ScriptAssemblies/Textus.SerializeReferenceUI.dll
[792/969    0s] CopyFiles Library/ScriptAssemblies/Unity.Localization.dll
[793/969    0s] CopyFiles Library/ScriptAssemblies/Unity.Rendering.LightTransport.Editor.dll
[794/969    0s] CopyFiles Library/ScriptAssemblies/Unity.Rendering.LightTransport.Editor.pdb
[795/969    0s] CopyFiles Library/ScriptAssemblies/Addressable_Editor.pdb
[           0s] Csc Library/Bee/artifacts/1900b0aE.dag/Unity.RenderPipelines.Universal.Config.Runtime.dll (+2 others) [CacheWrite 00000000000000000000000000000005]
[796/969    0s] CopyFiles Library/ScriptAssemblies/Addressable_Editor.dll
[797/969    0s] CopyFiles Library/ScriptAssemblies/Shaderpackager-editor.pdb
[798/969    0s] CopyFiles Library/ScriptAssemblies/Shaderpackager-editor.dll
[799/969    0s] CopyFiles Library/ScriptAssemblies/Unity.AI.Navigation.Editor.ConversionSystem.pdb
[800/969    0s] CopyFiles Library/ScriptAssemblies/Unity.InputSystem.dll
[801/969    0s] CopyFiles Library/ScriptAssemblies/Unity.AI.Navigation.Editor.ConversionSystem.dll
[802/969    0s] CopyFiles Library/ScriptAssemblies/Unity.Addressables.DocExampleCode.Editor.Tests.pdb
[803/969    0s] CopyFiles Library/ScriptAssemblies/Unity.Addressables.DocExampleCode.Editor.Tests.dll
[804/969    0s] CopyFiles Library/ScriptAssemblies/Unity.InternalAPIEditorBridge.013.pdb
[805/969    0s] CopyFiles Library/ScriptAssemblies/Unity.InternalAPIEditorBridge.013.dll
[806/969    0s] CopyFiles Library/ScriptAssemblies/Unity.Localization.Editor.dll
[807/969    0s] CopyFiles Library/ScriptAssemblies/Unity.Localization.Editor.pdb
[808/969    0s] CopyFiles Library/ScriptAssemblies/Unity.Postprocessing.Editor.dll
[809/969    2s] Csc Library/Bee/artifacts/1900b0aE.dag/Unity.TextMeshPro.Editor.dll (+2 others)
[810/969    0s] CopyFiles Library/ScriptAssemblies/Unity.Postprocessing.Editor.pdb
[811/969    0s] CopyFiles Library/ScriptAssemblies/Unity.Timeline.Editor.pdb
[812/969    0s] CopyFiles Library/ScriptAssemblies/Unity.Timeline.Editor.dll
[813/969    0s] CopyFiles Library/ScriptAssemblies/Unity.AI.Navigation.Editor.pdb
[814/969    0s] CopyFiles Library/ScriptAssemblies/Unity.AI.Navigation.Editor.dll
[815/969    0s] CopyFiles Library/ScriptAssemblies/Unity.PerformanceTesting.Editor.pdb
[816/969    0s] CopyFiles Library/ScriptAssemblies/Unity.PerformanceTesting.Editor.dll
[817/969    0s] CopyFiles Library/ScriptAssemblies/Unity.AutoGroupGenerator.Editor.pdb
[818/969    0s] CopyFiles Library/ScriptAssemblies/Unity.AutoGroupGenerator.Editor.dll
[819/969    0s] CopyFiles Library/ScriptAssemblies/Unity.Multiplayer.Center.Editor.pdb
[820/969    0s] CopyFiles Library/ScriptAssemblies/Unity.Multiplayer.Center.Editor.dll
[821/969    0s] CopyFiles Library/ScriptAssemblies/Unity.RenderPipeline.Universal.ShaderLibrary.pdb
[822/969    0s] CopyFiles Library/ScriptAssemblies/Unity.RenderPipelines.Core.Runtime.Shared.pdb
[823/969    0s] CopyFiles Library/ScriptAssemblies/Unity.Addressables.Editor.dll
[824/969    0s] CopyFiles Library/ScriptAssemblies/Unity.Addressables.Editor.pdb
[825/969    0s] CopyFiles Library/ScriptAssemblies/Unity.2D.Sprite.Editor.dll
[826/969    0s] CopyFiles Library/ScriptAssemblies/Unity.2D.Sprite.Editor.pdb
[827/969    0s] CopyFiles Library/ScriptAssemblies/Unity.Mathematics.Editor.pdb
[828/969    0s] CopyFiles Library/ScriptAssemblies/Unity.Mathematics.Editor.dll
[829/969    0s] CopyFiles Library/ScriptAssemblies/Unity.InputSystem.DocCodeSamples.dll
[830/969    0s] ILPostProcess Library/Bee/artifacts/1900b0aE.dag/post-processed/UnityEditor.UI.dll (+pdb)
Processing assembly Library/Bee/artifacts/1900b0aE.dag/UnityEditor.UI.dll, with 145 defines and 274 references

processors: Unity.Jobs.CodeGen.JobsILPostProcessor, zzzUnity.Burst.CodeGen.BurstILPostProcessor

running Unity.Jobs.CodeGen.JobsILPostProcessor

running zzzUnity.Burst.CodeGen.BurstILPostProcessor
[831/969    0s] CopyFiles Library/ScriptAssemblies/Unity.InputSystem.DocCodeSamples.pdb
[832/969    0s] CopyFiles Library/ScriptAssemblies/Unity.ScriptableBuildPipeline.Editor.dll
[833/969    0s] CopyFiles Library/ScriptAssemblies/Unity.ScriptableBuildPipeline.Editor.pdb
[834/969    0s] CopyFiles Library/ScriptAssemblies/Unity.ShaderGraph.Utilities.dll
[835/969    0s] CopyFiles Library/ScriptAssemblies/Unity.ShaderGraph.Utilities.pdb
[836/969    0s] CopyFiles Library/ScriptAssemblies/UnityEditor.UI.Analytics.dll
[837/969    0s] CopyFiles Library/ScriptAssemblies/UnityEditor.UI.Analytics.pdb
[838/969    0s] CopyFiles Library/ScriptAssemblies/Unity.AI.Navigation.Updater.dll
[839/969    0s] CopyFiles Library/ScriptAssemblies/Unity.AI.Navigation.Updater.pdb
[840/969    0s] CopyFiles Library/ScriptAssemblies/UMA_Examples_Editor.dll
[841/969    0s] CopyFiles Library/ScriptAssemblies/UMA_Examples_Editor.pdb
[842/969    0s] CopyFiles Library/ScriptAssemblies/Unity.RenderPipelines.ShaderGraph.ShaderGraphLibrary.pdb
[           0s] Csc Library/Bee/artifacts/1900b0aE.dag/Unity.TextMeshPro.Editor.dll (+2 others) [CacheWrite 00000000000000000000000000000005]
[843/969    0s] CopyFiles Library/ScriptAssemblies/Unity.Mathematics.pdb
[844/969    0s] ILPostProcess Library/Bee/artifacts/1900b0aE.dag/post-processed/Unity.Searcher.Editor.dll (+pdb)
Processing assembly Library/Bee/artifacts/1900b0aE.dag/Unity.Searcher.Editor.dll, with 142 defines and 275 references

processors: Unity.Jobs.CodeGen.JobsILPostProcessor, zzzUnity.Burst.CodeGen.BurstILPostProcessor

running Unity.Jobs.CodeGen.JobsILPostProcessor

running zzzUnity.Burst.CodeGen.BurstILPostProcessor
[845/969    0s] CopyFiles Library/ScriptAssemblies/UnityEngine.UI.pdb
[846/969    0s] CopyFiles Library/ScriptAssemblies/Unity.PerformanceTesting.pdb
[847/969    0s] CopyFiles Library/ScriptAssemblies/Unity.InputSystem.TestFramework.pdb
[848/969    0s] CopyFiles Library/ScriptAssemblies/UnityEditor.UI.pdb
[849/969    0s] CopyFiles Library/ScriptAssemblies/UnityEditor.UI.dll
[850/969    0s] CopyFiles Library/ScriptAssemblies/Unity.InputSystem.pdb
[851/969    0s] CopyFiles Library/ScriptAssemblies/Unity.InternalAPIEngineBridge.013.pdb
[852/969    0s] CopyFiles Library/ScriptAssemblies/Unity.RenderPipelines.Core.ShaderLibrary.pdb
[853/969    0s] CopyFiles Library/ScriptAssemblies/Unity.InputSystem.ForUI.pdb
[854/969    0s] CopyFiles Library/ScriptAssemblies/Unity.RenderPipelines.Universal.Shaders.pdb
[855/969    0s] CopyFiles Library/ScriptAssemblies/Unity.ResourceManager.pdb
[856/969    0s] CopyFiles Library/ScriptAssemblies/Unity.TextMeshPro.pdb
[857/969    0s] CopyFiles Library/ScriptAssemblies/UMA_Content.pdb
[858/969    0s] CopyFiles Library/ScriptAssemblies/Unity.Localization.pdb
[859/969    0s] CopyFiles Library/ScriptAssemblies/Unity.InternalAPIEngineBridge.004.pdb
[860/969    0s] CopyFiles Library/ScriptAssemblies/Unity.ScriptableBuildPipeline.pdb
[861/969    0s] CopyFiles Library/ScriptAssemblies/Unity.Searcher.Editor.dll
[862/969    0s] CopyFiles Library/ScriptAssemblies/Unity.Searcher.Editor.pdb
[863/969    0s] CopyFiles Library/ScriptAssemblies/Textus.SerializeReferenceUI.pdb
[864/969    0s] CopyFiles Library/ScriptAssemblies/Unity.Postprocessing.Runtime.pdb
[865/969    0s] CopyFiles Library/ScriptAssemblies/Unity.Addressables.pdb
[866/969    0s] CopyFiles Library/ScriptAssemblies/Unity.Multiplayer.Center.Common.pdb
[867/969    0s] CopyFiles Library/ScriptAssemblies/Unity.Timeline.pdb
[868/969    0s] CopyFiles Library/ScriptAssemblies/Unity.AI.Navigation.pdb
[869/969    0s] CopyFiles Library/ScriptAssemblies/UMA_Examples.pdb
[870/969    0s] ILPostProcess Library/Bee/artifacts/1900b0aE.dag/post-processed/Unity.RenderPipelines.Universal.Config.Runtime.dll (+pdb)
Processing assembly Library/Bee/artifacts/1900b0aE.dag/Unity.RenderPipelines.Universal.Config.Runtime.dll, with 141 defines and 270 references

processors: Unity.Jobs.CodeGen.JobsILPostProcessor, zzzUnity.Burst.CodeGen.BurstILPostProcessor

running Unity.Jobs.CodeGen.JobsILPostProcessor

running zzzUnity.Burst.CodeGen.BurstILPostProcessor
[871/969    0s] CopyFiles Library/ScriptAssemblies/Unity.Profiling.Core.pdb
[872/969    0s] CopyFiles Library/ScriptAssemblies/Unity.RenderPipelines.Universal.Config.Runtime.pdb
[873/969    0s] CopyFiles Library/ScriptAssemblies/Unity.RenderPipelines.Universal.Config.Runtime.dll
[874/969    0s] ILPostProcess Library/Bee/artifacts/1900b0aE.dag/post-processed/Unity.TextMeshPro.Editor.dll (+pdb)
Processing assembly Library/Bee/artifacts/1900b0aE.dag/Unity.TextMeshPro.Editor.dll, with 142 defines and 277 references

processors: Unity.Jobs.CodeGen.JobsILPostProcessor, zzzUnity.Burst.CodeGen.BurstILPostProcessor

running Unity.Jobs.CodeGen.JobsILPostProcessor

running zzzUnity.Burst.CodeGen.BurstILPostProcessor
[875/969    0s] MovedFromExtractor Library/Bee/artifacts/mvdfrm/Unity.RenderPipelines.GPUDriven.Runtime.ref.dll_94F5458D7254E99F.mvfrm
[876/969    0s] MovedFromExtractor Library/Bee/artifacts/mvdfrm/Unity.RenderPipelines.Universal.Config.Runtime.ref.dll_5D92000A132D4840.mvfrm
[877/969    0s] CopyFiles Library/ScriptAssemblies/Unity.TextMeshPro.Editor.dll
[878/969    0s] CopyFiles Library/ScriptAssemblies/Unity.TextMeshPro.Editor.pdb
[879/969    0s] MovedFromExtractor Library/Bee/artifacts/mvdfrm/Unity.TextMeshPro.Editor.ref.dll_159E061D77A10B86.mvfrm
[880/969    0s] MovedFromExtractor-Combine Library/Bee/artifacts/1900b0aE.dag/Unity.RenderPipelines.Core.Editor.dll.mvfrm
[881/969    0s] MovedFromExtractor-Combine Library/Bee/artifacts/1900b0aE.dag/Unity.RenderPipelines.Universal.Runtime.dll.mvfrm
[882/969    2s] ILPostProcess Library/Bee/artifacts/1900b0aE.dag/post-processed/UMA_Core_Editor.dll (+pdb)
Processing assembly Library/Bee/artifacts/1900b0aE.dag/UMA_Core_Editor.dll, with 142 defines and 282 references

processors: Unity.Jobs.CodeGen.JobsILPostProcessor, zzzUnity.Burst.CodeGen.BurstILPostProcessor

running Unity.Jobs.CodeGen.JobsILPostProcessor

running zzzUnity.Burst.CodeGen.BurstILPostProcessor
[883/969    3s] ILPostProcess Library/Bee/artifacts/1900b0aE.dag/post-processed/Unity.Collections.Editor.dll (+pdb)
Processing assembly Library/Bee/artifacts/1900b0aE.dag/Unity.Collections.Editor.dll, with 143 defines and 276 references

processors: Unity.Jobs.CodeGen.JobsILPostProcessor, zzzUnity.Burst.CodeGen.BurstILPostProcessor

running Unity.Jobs.CodeGen.JobsILPostProcessor

running zzzUnity.Burst.CodeGen.BurstILPostProcessor
[884/969    3s] ILPostProcess Library/Bee/artifacts/1900b0aE.dag/post-processed/Unity.Burst.Editor.dll (+pdb)
Processing assembly Library/Bee/artifacts/1900b0aE.dag/Unity.Burst.Editor.dll, with 142 defines and 276 references

processors: Unity.Jobs.CodeGen.JobsILPostProcessor, zzzUnity.Burst.CodeGen.BurstILPostProcessor

running Unity.Jobs.CodeGen.JobsILPostProcessor

running zzzUnity.Burst.CodeGen.BurstILPostProcessor
[885/969    0s] CopyFiles Library/ScriptAssemblies/UMA_Core_Editor.pdb
[886/969    0s] CopyFiles Library/ScriptAssemblies/UMA_Core_Editor.dll
[887/969    0s] CopyFiles Library/ScriptAssemblies/Unity.Burst.Editor.pdb
[888/969    0s] CopyFiles Library/ScriptAssemblies/Unity.Collections.Editor.dll
[889/969    0s] CopyFiles Library/ScriptAssemblies/Unity.Collections.Editor.pdb
[890/969    0s] CopyFiles Library/ScriptAssemblies/Unity.Burst.Editor.dll
[891/969    6s] ILPostProcess Library/Bee/artifacts/1900b0aE.dag/post-processed/UMA_Core.dll (+pdb)
Processing assembly Library/Bee/artifacts/1900b0aE.dag/UMA_Core.dll, with 141 defines and 275 references

processors: Unity.Jobs.CodeGen.JobsILPostProcessor, zzzUnity.Burst.CodeGen.BurstILPostProcessor

running Unity.Jobs.CodeGen.JobsILPostProcessor

running zzzUnity.Burst.CodeGen.BurstILPostProcessor
[892/969    0s] CopyFiles Library/ScriptAssemblies/UMA_Core.pdb
[893/969    0s] CopyFiles Library/ScriptAssemblies/UMA_Core.dll
[894/969    5s] ILPostProcess Library/Bee/artifacts/1900b0aE.dag/post-processed/Unity.RenderPipelines.Core.Runtime.dll (+pdb)
Processing assembly Library/Bee/artifacts/1900b0aE.dag/Unity.RenderPipelines.Core.Runtime.dll, with 144 defines and 273 references

processors: Unity.Jobs.CodeGen.JobsILPostProcessor, zzzUnity.Burst.CodeGen.BurstILPostProcessor

running Unity.Jobs.CodeGen.JobsILPostProcessor

running zzzUnity.Burst.CodeGen.BurstILPostProcessor
[895/969    0s] CopyFiles Library/ScriptAssemblies/Unity.RenderPipelines.Core.Runtime.pdb
[896/969    0s] CopyFiles Library/ScriptAssemblies/Unity.RenderPipelines.Core.Runtime.dll
[897/969    7s] ILPostProcess Library/Bee/artifacts/1900b0aE.dag/post-processed/Unity.UnifiedRayTracing.Runtime.dll (+pdb)
Processing assembly Library/Bee/artifacts/1900b0aE.dag/Unity.UnifiedRayTracing.Runtime.dll, with 142 defines and 272 references

processors: Unity.Jobs.CodeGen.JobsILPostProcessor, zzzUnity.Burst.CodeGen.BurstILPostProcessor

running Unity.Jobs.CodeGen.JobsILPostProcessor

running zzzUnity.Burst.CodeGen.BurstILPostProcessor
[898/969    0s] CopyFiles Library/ScriptAssemblies/Unity.UnifiedRayTracing.Runtime.pdb
[899/969    0s] CopyFiles Library/ScriptAssemblies/Unity.UnifiedRayTracing.Runtime.dll
[900/969    6s] ILPostProcess Library/Bee/artifacts/1900b0aE.dag/post-processed/Unity.Burst.dll (+pdb)
Processing assembly Library/Bee/artifacts/1900b0aE.dag/Unity.Burst.dll, with 141 defines and 264 references

processors: Unity.Jobs.CodeGen.JobsILPostProcessor, zzzUnity.Burst.CodeGen.BurstILPostProcessor

running Unity.Jobs.CodeGen.JobsILPostProcessor

running zzzUnity.Burst.CodeGen.BurstILPostProcessor
[901/969    0s] CopyFiles Library/ScriptAssemblies/Unity.Burst.pdb
[902/969    0s] CopyFiles Library/ScriptAssemblies/Unity.Burst.dll
[903/969    4s] ILPostProcess Library/Bee/artifacts/1900b0aE.dag/post-processed/Unity.RenderPipelines.GPUDriven.Runtime.dll (+pdb)
Processing assembly Library/Bee/artifacts/1900b0aE.dag/Unity.RenderPipelines.GPUDriven.Runtime.dll, with 141 defines and 273 references

processors: Unity.Jobs.CodeGen.JobsILPostProcessor, zzzUnity.Burst.CodeGen.BurstILPostProcessor

running Unity.Jobs.CodeGen.JobsILPostProcessor

running zzzUnity.Burst.CodeGen.BurstILPostProcessor
[904/969    7s] ILPostProcess Library/Bee/artifacts/1900b0aE.dag/post-processed/Unity.Collections.dll (+pdb)
Processing assembly Library/Bee/artifacts/1900b0aE.dag/Unity.Collections.dll, with 143 defines and 271 references

processors: Unity.Jobs.CodeGen.JobsILPostProcessor, zzzUnity.Burst.CodeGen.BurstILPostProcessor

running Unity.Jobs.CodeGen.JobsILPostProcessor

running zzzUnity.Burst.CodeGen.BurstILPostProcessor
[905/969    0s] CopyFiles Library/ScriptAssemblies/Unity.RenderPipelines.GPUDriven.Runtime.dll
[906/969    0s] CopyFiles Library/ScriptAssemblies/Unity.RenderPipelines.GPUDriven.Runtime.pdb
[907/969    0s] CopyFiles Library/ScriptAssemblies/Unity.Collections.dll
[908/969    0s] CopyFiles Library/ScriptAssemblies/Unity.Collections.pdb
[909/969    4s] Csc Library/Bee/artifacts/1900b0aE.dag/Unity.RenderPipelines.Universal.Runtime.dll (+2 others)
[           0s] Csc Library/Bee/artifacts/1900b0aE.dag/Unity.RenderPipelines.Universal.Runtime.dll (+2 others) [CacheWrite 00000000000000000000000000000005]
[910/969    5s] Csc Library/Bee/artifacts/1900b0aE.dag/Unity.RenderPipelines.Core.Editor.dll (+2 others)
[           0s] Csc Library/Bee/artifacts/1900b0aE.dag/Unity.RenderPipelines.Core.Editor.dll (+2 others) [CacheWrite 00000000000000000000000000000005]
[911/969    0s] ILPostProcess Library/Bee/artifacts/1900b0aE.dag/post-processed/Unity.RenderPipelines.Universal.Runtime.dll (+pdb)
Processing assembly Library/Bee/artifacts/1900b0aE.dag/Unity.RenderPipelines.Universal.Runtime.dll, with 148 defines and 277 references

processors: Unity.Jobs.CodeGen.JobsILPostProcessor, zzzUnity.Burst.CodeGen.BurstILPostProcessor

running Unity.Jobs.CodeGen.JobsILPostProcessor

running zzzUnity.Burst.CodeGen.BurstILPostProcessor
[912/969    0s] MovedFromExtractor Library/Bee/artifacts/mvdfrm/Unity.RenderPipelines.Universal.Runtime.ref.dll_5400A10AF7CC6BEA.mvfrm
[913/969    0s] CopyFiles Library/ScriptAssemblies/Unity.RenderPipelines.Universal.Runtime.pdb
[914/969    0s] CopyFiles Library/ScriptAssemblies/Unity.RenderPipelines.Universal.Runtime.dll
[915/969    0s] MovedFromExtractor Library/Bee/artifacts/mvdfrm/Unity.RenderPipelines.Core.Editor.ref.dll_46EB9B6930B27991.mvfrm
[916/969    0s] MovedFromExtractor-Combine Library/Bee/artifacts/1900b0aE.dag/Unity.RenderPipelines.Universal.2D.Runtime.dll.mvfrm
[917/969    0s] MovedFromExtractor-Combine Library/Bee/artifacts/1900b0aE.dag/com.cqf.urpoutline.dll.mvfrm
[918/969    0s] ILPostProcess Library/Bee/artifacts/1900b0aE.dag/post-processed/Unity.RenderPipelines.Core.Editor.dll (+pdb)
Processing assembly Library/Bee/artifacts/1900b0aE.dag/Unity.RenderPipelines.Core.Editor.dll, with 143 defines and 281 references

processors: Unity.Jobs.CodeGen.JobsILPostProcessor, zzzUnity.Burst.CodeGen.BurstILPostProcessor

running Unity.Jobs.CodeGen.JobsILPostProcessor

running zzzUnity.Burst.CodeGen.BurstILPostProcessor
[919/969    0s] CopyFiles Library/ScriptAssemblies/Unity.RenderPipelines.Core.Editor.pdb
[920/969    0s] CopyFiles Library/ScriptAssemblies/Unity.RenderPipelines.Core.Editor.dll
[921/969    0s] MovedFromExtractor-Combine Library/Bee/artifacts/1900b0aE.dag/Unity.RenderPipelines.Core.Editor.Shared.dll.mvfrm
[922/969    0s] MovedFromExtractor-Combine Library/Bee/artifacts/1900b0aE.dag/Unity.ShaderGraph.Editor.dll.mvfrm
[923/969    0s] Csc Library/Bee/artifacts/1900b0aE.dag/com.cqf.urpoutline.dll (+2 others)
[924/969    0s] ILPostProcess Library/Bee/artifacts/1900b0aE.dag/post-processed/com.cqf.urpoutline.dll (+pdb)
Processing assembly Library/Bee/artifacts/1900b0aE.dag/com.cqf.urpoutline.dll, with 141 defines and 271 references

processors: Unity.Jobs.CodeGen.JobsILPostProcessor, zzzUnity.Burst.CodeGen.BurstILPostProcessor

running Unity.Jobs.CodeGen.JobsILPostProcessor

running zzzUnity.Burst.CodeGen.BurstILPostProcessor
[925/969    0s] CopyFiles Library/ScriptAssemblies/com.cqf.urpoutline.dll
[926/969    0s] CopyFiles Library/ScriptAssemblies/com.cqf.urpoutline.pdb
[927/969    1s] Csc Library/Bee/artifacts/1900b0aE.dag/Unity.RenderPipelines.Core.Editor.Shared.dll (+2 others)
[           0s] Csc Library/Bee/artifacts/1900b0aE.dag/Unity.RenderPipelines.Core.Editor.Shared.dll (+2 others) [CacheWrite 00000000000000000000000000000005]
[928/969    1s] Csc Library/Bee/artifacts/1900b0aE.dag/Unity.RenderPipelines.Universal.2D.Runtime.dll (+2 others)
[           0s] Csc Library/Bee/artifacts/1900b0aE.dag/Unity.RenderPipelines.Universal.2D.Runtime.dll (+2 others) [CacheWrite 00000000000000000000000000000005]
[929/969    0s] ILPostProcess Library/Bee/artifacts/1900b0aE.dag/post-processed/Unity.RenderPipelines.Core.Editor.Shared.dll (+pdb)
Processing assembly Library/Bee/artifacts/1900b0aE.dag/Unity.RenderPipelines.Core.Editor.Shared.dll, with 142 defines and 276 references

processors: Unity.Jobs.CodeGen.JobsILPostProcessor, zzzUnity.Burst.CodeGen.BurstILPostProcessor

running Unity.Jobs.CodeGen.JobsILPostProcessor

running zzzUnity.Burst.CodeGen.BurstILPostProcessor
[930/969    0s] CopyFiles Library/ScriptAssemblies/Unity.RenderPipelines.Core.Editor.Shared.dll
[931/969    0s] CopyFiles Library/ScriptAssemblies/Unity.RenderPipelines.Core.Editor.Shared.pdb
[932/969    0s] MovedFromExtractor Library/Bee/artifacts/mvdfrm/Unity.RenderPipelines.Core.Editor.Shared.ref.dll_FAA396FB17B8C1A8.mvfrm
[933/969    0s] MovedFromExtractor Library/Bee/artifacts/mvdfrm/Unity.RenderPipelines.Universal.2D.Runtime.ref.dll_D60199621A6AEC70.mvfrm
[934/969    0s] ILPostProcess Library/Bee/artifacts/1900b0aE.dag/post-processed/Unity.RenderPipelines.Universal.2D.Runtime.dll (+pdb)
Processing assembly Library/Bee/artifacts/1900b0aE.dag/Unity.RenderPipelines.Universal.2D.Runtime.dll, with 144 defines and 274 references

processors: Unity.Jobs.CodeGen.JobsILPostProcessor, zzzUnity.Burst.CodeGen.BurstILPostProcessor

running Unity.Jobs.CodeGen.JobsILPostProcessor

running zzzUnity.Burst.CodeGen.BurstILPostProcessor
[935/969    0s] CopyFiles Library/ScriptAssemblies/Unity.RenderPipelines.Universal.2D.Runtime.pdb
[936/969    0s] CopyFiles Library/ScriptAssemblies/Unity.RenderPipelines.Universal.2D.Runtime.dll
[937/969    3s] Csc Library/Bee/artifacts/1900b0aE.dag/Unity.ShaderGraph.Editor.dll (+2 others)
[           0s] Csc Library/Bee/artifacts/1900b0aE.dag/Unity.ShaderGraph.Editor.dll (+2 others) [CacheWrite 00000000000000000000000000000005]
[938/969    0s] ILPostProcess Library/Bee/artifacts/1900b0aE.dag/post-processed/Unity.ShaderGraph.Editor.dll (+pdb)
Processing assembly Library/Bee/artifacts/1900b0aE.dag/Unity.ShaderGraph.Editor.dll, with 142 defines and 279 references

processors: Unity.Jobs.CodeGen.JobsILPostProcessor, zzzUnity.Burst.CodeGen.BurstILPostProcessor

running Unity.Jobs.CodeGen.JobsILPostProcessor

running zzzUnity.Burst.CodeGen.BurstILPostProcessor
[939/969    0s] CopyFiles Library/ScriptAssemblies/Unity.ShaderGraph.Editor.pdb
[940/969    0s] CopyFiles Library/ScriptAssemblies/Unity.ShaderGraph.Editor.dll
[941/969    0s] MovedFromExtractor Library/Bee/artifacts/mvdfrm/Unity.ShaderGraph.Editor.ref.dll_0F50152946DB09D0.mvfrm
[942/969    0s] MovedFromExtractor-Combine Library/Bee/artifacts/1900b0aE.dag/Unity.RenderPipelines.Universal.2D.Editor.Overrides.dll.mvfrm
[943/969    0s] MovedFromExtractor-Combine Library/Bee/artifacts/1900b0aE.dag/Unity.RenderPipelines.Universal.Editor.dll.mvfrm
[944/969    0s] Csc Library/Bee/artifacts/1900b0aE.dag/Unity.RenderPipelines.Universal.2D.Editor.Overrides.dll (+2 others)
[           0s] Csc Library/Bee/artifacts/1900b0aE.dag/Unity.RenderPipelines.Universal.2D.Editor.Overrides.dll (+2 others) [CacheWrite 00000000000000000000000000000005]
[945/969    0s] ILPostProcess Library/Bee/artifacts/1900b0aE.dag/post-processed/Unity.RenderPipelines.Universal.2D.Editor.Overrides.dll (+pdb)
Processing assembly Library/Bee/artifacts/1900b0aE.dag/Unity.RenderPipelines.Universal.2D.Editor.Overrides.dll, with 143 defines and 287 references

processors: Unity.Jobs.CodeGen.JobsILPostProcessor, zzzUnity.Burst.CodeGen.BurstILPostProcessor

running Unity.Jobs.CodeGen.JobsILPostProcessor

running zzzUnity.Burst.CodeGen.BurstILPostProcessor
[946/969    0s] CopyFiles Library/ScriptAssemblies/Unity.RenderPipelines.Universal.2D.Editor.Overrides.dll
[947/969    0s] CopyFiles Library/ScriptAssemblies/Unity.RenderPipelines.Universal.2D.Editor.Overrides.pdb
[948/969    0s] MovedFromExtractor Library/Bee/artifacts/mvdfrm/Unity.RenderPipelines.Universal.2D.Editor.Overrides.ref.dll_FE6C8CE3BFF0C484.mvfrm
[949/969    2s] Csc Library/Bee/artifacts/1900b0aE.dag/Unity.RenderPipelines.Universal.Editor.dll (+2 others)
[           0s] Csc Library/Bee/artifacts/1900b0aE.dag/Unity.RenderPipelines.Universal.Editor.dll (+2 others) [CacheWrite 00000000000000000000000000000005]
[950/969    0s] ILPostProcess Library/Bee/artifacts/1900b0aE.dag/post-processed/Unity.RenderPipelines.Universal.Editor.dll (+pdb)
Processing assembly Library/Bee/artifacts/1900b0aE.dag/Unity.RenderPipelines.Universal.Editor.dll, with 144 defines and 287 references

processors: Unity.Jobs.CodeGen.JobsILPostProcessor, zzzUnity.Burst.CodeGen.BurstILPostProcessor

running Unity.Jobs.CodeGen.JobsILPostProcessor

running zzzUnity.Burst.CodeGen.BurstILPostProcessor
[951/969    0s] CopyFiles Library/ScriptAssemblies/Unity.RenderPipelines.Universal.Editor.pdb
[952/969    0s] CopyFiles Library/ScriptAssemblies/Unity.RenderPipelines.Universal.Editor.dll
[953/969    0s] MovedFromExtractor Library/Bee/artifacts/mvdfrm/Unity.RenderPipelines.Universal.Editor.ref.dll_0FF7AC68384616B1.mvfrm
[954/969    0s] MovedFromExtractor-Combine Library/Bee/artifacts/1900b0aE.dag/PPv2URPConverters.dll.mvfrm
[955/969    0s] MovedFromExtractor-Combine Library/Bee/artifacts/1900b0aE.dag/Assembly-CSharp-Editor.dll.mvfrm
[956/969    0s] MovedFromExtractor-Combine Library/Bee/artifacts/1900b0aE.dag/Assembly-CSharp.dll.mvfrm
[957/969    0s] Csc Library/Bee/artifacts/1900b0aE.dag/PPv2URPConverters.dll (+2 others)
[           0s] Csc Library/Bee/artifacts/1900b0aE.dag/PPv2URPConverters.dll (+2 others) [CacheWrite 00000000000000000000000000000005]
[958/969    0s] ILPostProcess Library/Bee/artifacts/1900b0aE.dag/post-processed/PPv2URPConverters.dll (+pdb)
Processing assembly Library/Bee/artifacts/1900b0aE.dag/PPv2URPConverters.dll, with 143 defines and 281 references

processors: Unity.Jobs.CodeGen.JobsILPostProcessor, zzzUnity.Burst.CodeGen.BurstILPostProcessor

running Unity.Jobs.CodeGen.JobsILPostProcessor

running zzzUnity.Burst.CodeGen.BurstILPostProcessor
[959/969    0s] CopyFiles Library/ScriptAssemblies/PPv2URPConverters.pdb
[960/969    0s] CopyFiles Library/ScriptAssemblies/PPv2URPConverters.dll
[961/969    2s] Csc Library/Bee/artifacts/1900b0aE.dag/Assembly-CSharp.dll (+2 others)
[962/969    1s] ILPostProcess Library/Bee/artifacts/1900b0aE.dag/post-processed/Assembly-CSharp.dll (+pdb)
Processing assembly Library/Bee/artifacts/1900b0aE.dag/Assembly-CSharp.dll, with 141 defines and 328 references

processors: Unity.Jobs.CodeGen.JobsILPostProcessor, zzzUnity.Burst.CodeGen.BurstILPostProcessor

running Unity.Jobs.CodeGen.JobsILPostProcessor

running zzzUnity.Burst.CodeGen.BurstILPostProcessor
[963/969    0s] CopyFiles Library/ScriptAssemblies/Assembly-CSharp.pdb
[964/969    0s] CopyFiles Library/ScriptAssemblies/Assembly-CSharp.dll
[965/969    0s] Csc Library/Bee/artifacts/1900b0aE.dag/Assembly-CSharp-Editor.dll (+2 others)
##### CommandLine
"C:\Unity\6000.3.10f1\Editor\Data\NetCoreRuntime\dotnet.exe" exec "C:/Unity/6000.3.10f1/Editor/Data/DotNetSdkRoslyn/csc.dll" /nostdlib /noconfig /shared "@Library/Bee/artifacts/1900b0aE.dag/Assembly-CSharp-Editor.rsp" "@Library/Bee/artifacts/1900b0aE.dag/Assembly-CSharp-Editor.rsp2"
##### Contents of Library\Bee\artifacts\1900b0aE.dag\Assembly-CSharp-Editor.rsp
-target:library
-out:"Library/Bee/artifacts/1900b0aE.dag/Assembly-CSharp-Editor.dll"
-refout:"Library/Bee/artifacts/1900b0aE.dag/Assembly-CSharp-Editor.ref.dll"
-define:UNITY_6000_3_10
-define:UNITY_6000_3
-define:UNITY_6000
-define:UNITY_5_3_OR_NEWER
-define:UNITY_5_4_OR_NEWER
-define:UNITY_5_5_OR_NEWER
-define:UNITY_5_6_OR_NEWER
-define:UNITY_2017_1_OR_NEWER
-define:UNITY_2017_2_OR_NEWER
-define:UNITY_2017_3_OR_NEWER
-define:UNITY_2017_4_OR_NEWER
-define:UNITY_2018_1_OR_NEWER
-define:UNITY_2018_2_OR_NEWER
-define:UNITY_2018_3_OR_NEWER
-define:UNITY_2018_4_OR_NEWER
-define:UNITY_2019_1_OR_NEWER
-define:UNITY_2019_2_OR_NEWER
-define:UNITY_2019_3_OR_NEWER
-define:UNITY_2019_4_OR_NEWER
-define:UNITY_2020_1_OR_NEWER
-define:UNITY_2020_2_OR_NEWER
-define:UNITY_2020_3_OR_NEWER
-define:UNITY_2021_1_OR_NEWER
-define:UNITY_2021_2_OR_NEWER
-define:UNITY_2021_3_OR_NEWER
-define:UNITY_2022_1_OR_NEWER
-define:UNITY_2022_2_OR_NEWER
-define:UNITY_2022_3_OR_NEWER
-define:UNITY_2023_1_OR_NEWER
-define:UNITY_2023_2_OR_NEWER
-define:UNITY_2023_3_OR_NEWER
-define:UNITY_6000_0_OR_NEWER
-define:UNITY_6000_1_OR_NEWER
-define:UNITY_6000_2_OR_NEWER
-define:UNITY_6000_3_OR_NEWER
-define:PLATFORM_ARCH_64
-define:UNITY_64
-define:UNITY_INCLUDE_TESTS
-define:ENABLE_AR
-define:ENABLE_AUDIO
-define:ENABLE_AUDIO_SCRIPTABLE_PIPELINE
-define:ENABLE_CACHING
-define:ENABLE_CLOTH
-define:ENABLE_EVENT_QUEUE
-define:ENABLE_MICROPHONE
-define:ENABLE_MULTIPLE_DISPLAYS
-define:ENABLE_PHYSICS
-define:ENABLE_TEXTURE_STREAMING
-define:ENABLE_VIRTUALTEXTURING
-define:ENABLE_LZMA
-define:ENABLE_UNITYEVENTS
-define:ENABLE_VR
-define:ENABLE_WEBCAM
-define:ENABLE_UNITYWEBREQUEST
-define:ENABLE_WWW
-define:ENABLE_CLOUD_SERVICES
-define:ENABLE_CLOUD_SERVICES_ADS
-define:ENABLE_CLOUD_SERVICES_USE_WEBREQUEST
-define:ENABLE_UNITY_CONSENT
-define:ENABLE_UNITY_CLOUD_IDENTIFIERS
-define:ENABLE_CLOUD_SERVICES_CRASH_REPORTING
-define:ENABLE_CLOUD_SERVICES_NATIVE_CRASH_REPORTING
-define:ENABLE_CLOUD_SERVICES_PURCHASING
-define:ENABLE_CLOUD_SERVICES_ANALYTICS
-define:ENABLE_CLOUD_SERVICES_BUILD
-define:ENABLE_EDITOR_GAME_SERVICES
-define:ENABLE_UNITY_GAME_SERVICES_ANALYTICS_SUPPORT
-define:ENABLE_CLOUD_LICENSE
-define:ENABLE_EDITOR_HUB_LICENSE
-define:ENABLE_WEBSOCKET_CLIENT
-define:ENABLE_GENERATE_NATIVE_PLUGINS_FOR_ASSEMBLIES_API
-define:ENABLE_DIRECTOR_AUDIO
-define:ENABLE_DIRECTOR_TEXTURE
-define:ENABLE_MANAGED_JOBS
-define:ENABLE_MANAGED_TRANSFORM_JOBS
-define:ENABLE_MANAGED_ANIMATION_JOBS
-define:ENABLE_MANAGED_AUDIO_JOBS
-define:ENABLE_MANAGED_UNITYTLS
-define:INCLUDE_DYNAMIC_GI
-define:ENABLE_SCRIPTING_GC_WBARRIERS
-define:PLATFORM_SUPPORTS_MONO
-define:RENDER_SOFTWARE_CURSOR
-define:ENABLE_MARSHALLING_TESTS
-define:ENABLE_VIDEO
-define:ENABLE_NAVIGATION_OFFMESHLINK_TO_NAVMESHLINK
-define:ENABLE_ACCELERATOR_CLIENT_DEBUGGING
-define:ENABLE_ACCESSIBILITY_SCREEN_READER
-define:TEXTCORE_1_0_OR_NEWER
-define:EDITOR_ONLY_NAVMESH_BUILDER_DEPRECATED
-define:PLATFORM_STANDALONE_WIN
-define:PLATFORM_STANDALONE
-define:UNITY_STANDALONE_WIN
-define:UNITY_STANDALONE
-define:ENABLE_RUNTIME_GI
-define:ENABLE_MOVIES
-define:ENABLE_NETWORK
-define:ENABLE_NVIDIA
-define:ENABLE_AMD
-define:ENABLE_CRUNCH_TEXTURE_COMPRESSION
-define:ENABLE_CLOUD_SERVICES_ENGINE_DIAGNOSTICS
-define:ENABLE_OUT_OF_PROCESS_CRASH_HANDLER
-define:ENABLE_CLUSTER_SYNC
-define:ENABLE_CLUSTERINPUT
-define:PLATFORM_UPDATES_TIME_OUTSIDE_OF_PLAYER_LOOP
-define:GFXDEVICE_WAITFOREVENT_MESSAGEPUMP
-define:PLATFORM_USES_EXPLICIT_MEMORY_MANAGER_INITIALIZER
-define:PLATFORM_SUPPORTS_WAIT_FOR_PRESENTATION
-define:PLATFORM_SUPPORTS_SPLIT_GRAPHICS_JOBS
-define:ENABLE_MONO
-define:NET_4_6
-define:NET_UNITY_4_8
-define:ENABLE_PROFILER
-define:DEBUG
-define:TRACE
-define:UNITY_ASSERTIONS
-define:UNITY_EDITOR
-define:UNITY_EDITOR_64
-define:UNITY_EDITOR_WIN
-define:ENABLE_UNITY_COLLECTIONS_CHECKS
-define:ENABLE_BURST_AOT
-define:UNITY_TEAM_LICENSE
-define:ENABLE_CUSTOM_RENDER_TEXTURE
-define:ENABLE_DIRECTOR
-define:ENABLE_LOCALIZATION
-define:ENABLE_SPRITES
-define:ENABLE_TERRAIN
-define:ENABLE_TILEMAP
-define:ENABLE_TIMELINE
-define:ENABLE_INPUT_SYSTEM
-define:TEXTCORE_FONT_ENGINE_1_5_OR_NEWER
-define:TEXTCORE_TEXT_ENGINE_1_5_OR_NEWER
-define:TEXTCORE_FONT_ENGINE_1_6_OR_NEWER
-define:CROSS_PLATFORM_INPUT
-define:UNITY_POST_PROCESSING_STACK_V2
-define:FISHNET
-define:UMA_INSTALLED
-define:FISHNET_V4
-define:EDGEGAP_PLUGIN_SERVERS
-define:FISHNET_DISABLE_V3TOV4_HELPERS
-define:CSHARP_7_OR_LATER
-define:CSHARP_7_3_OR_NEWER
-define:UNITY_EDITOR_ONLY_COMPILATION
-r:"C:/Unity/6000.3.10f1/Editor/Data/Managed/UnityEditor.Graphs.dll"
-r:"C:/Unity/6000.3.10f1/Editor/Data/Managed/UnityEngine/UnityEditor.AccessibilityModule.dll"
-r:"C:/Unity/6000.3.10f1/Editor/Data/Managed/UnityEngine/UnityEditor.AdaptivePerformanceModule.dll"
-r:"C:/Unity/6000.3.10f1/Editor/Data/Managed/UnityEngine/UnityEditor.AssetComplianceModule.dll"
-r:"C:/Unity/6000.3.10f1/Editor/Data/Managed/UnityEngine/UnityEditor.BuildProfileModule.dll"
-r:"C:/Unity/6000.3.10f1/Editor/Data/Managed/UnityEngine/UnityEditor.ClothModule.dll"
-r:"C:/Unity/6000.3.10f1/Editor/Data/Managed/UnityEngine/UnityEditor.CoreBusinessMetricsModule.dll"
-r:"C:/Unity/6000.3.10f1/Editor/Data/Managed/UnityEngine/UnityEditor.CoreModule.dll"
-r:"C:/Unity/6000.3.10f1/Editor/Data/Managed/UnityEngine/UnityEditor.DeviceSimulatorModule.dll"
-r:"C:/Unity/6000.3.10f1/Editor/Data/Managed/UnityEngine/UnityEditor.DiagnosticsModule.dll"
-r:"C:/Unity/6000.3.10f1/Editor/Data/Managed/UnityEngine/UnityEditor.dll"
-r:"C:/Unity/6000.3.10f1/Editor/Data/Managed/UnityEngine/UnityEditor.EditorToolbarModule.dll"
-r:"C:/Unity/6000.3.10f1/Editor/Data/Managed/UnityEngine/UnityEditor.EmbreeModule.dll"
-r:"C:/Unity/6000.3.10f1/Editor/Data/Managed/UnityEngine/UnityEditor.GIModule.dll"
-r:"C:/Unity/6000.3.10f1/Editor/Data/Managed/UnityEngine/UnityEditor.GraphicsStateCollectionSerializerModule.dll"
-r:"C:/Unity/6000.3.10f1/Editor/Data/Managed/UnityEngine/UnityEditor.GraphViewModule.dll"
-r:"C:/Unity/6000.3.10f1/Editor/Data/Managed/UnityEngine/UnityEditor.GridAndSnapModule.dll"
-r:"C:/Unity/6000.3.10f1/Editor/Data/Managed/UnityEngine/UnityEditor.GridModule.dll"
-r:"C:/Unity/6000.3.10f1/Editor/Data/Managed/UnityEngine/UnityEditor.HierarchyModule.dll"
-r:"C:/Unity/6000.3.10f1/Editor/Data/Managed/UnityEngine/UnityEditor.InAppPurchasingModule.dll"
-r:"C:/Unity/6000.3.10f1/Editor/Data/Managed/UnityEngine/UnityEditor.LevelPlayModule.dll"
-r:"C:/Unity/6000.3.10f1/Editor/Data/Managed/UnityEngine/UnityEditor.MediaModule.dll"
-r:"C:/Unity/6000.3.10f1/Editor/Data/Managed/UnityEngine/UnityEditor.MultiplayerModule.dll"
-r:"C:/Unity/6000.3.10f1/Editor/Data/Managed/UnityEngine/UnityEditor.Physics2DModule.dll"
-r:"C:/Unity/6000.3.10f1/Editor/Data/Managed/UnityEngine/UnityEditor.PhysicsModule.dll"
-r:"C:/Unity/6000.3.10f1/Editor/Data/Managed/UnityEngine/UnityEditor.PlayModeModule.dll"
-r:"C:/Unity/6000.3.10f1/Editor/Data/Managed/UnityEngine/UnityEditor.PresetsUIModule.dll"
-r:"C:/Unity/6000.3.10f1/Editor/Data/Managed/UnityEngine/UnityEditor.PropertiesModule.dll"
-r:"C:/Unity/6000.3.10f1/Editor/Data/Managed/UnityEngine/UnityEditor.QuickSearchModule.dll"
-r:"C:/Unity/6000.3.10f1/Editor/Data/Managed/UnityEngine/UnityEditor.SafeModeModule.dll"
-r:"C:/Unity/6000.3.10f1/Editor/Data/Managed/UnityEngine/UnityEditor.SceneTemplateModule.dll"
-r:"C:/Unity/6000.3.10f1/Editor/Data/Managed/UnityEngine/UnityEditor.SceneViewModule.dll"
-r:"C:/Unity/6000.3.10f1/Editor/Data/Managed/UnityEngine/UnityEditor.ShaderBuildSettingsModule.dll"
-r:"C:/Unity/6000.3.10f1/Editor/Data/Managed/UnityEngine/UnityEditor.ShaderCompilationModule.dll"
-r:"C:/Unity/6000.3.10f1/Editor/Data/Managed/UnityEngine/UnityEditor.ShaderFoundryModule.dll"
-r:"C:/Unity/6000.3.10f1/Editor/Data/Managed/UnityEngine/UnityEditor.SketchUpModule.dll"
-r:"C:/Unity/6000.3.10f1/Editor/Data/Managed/UnityEngine/UnityEditor.SpriteMaskModule.dll"
-r:"C:/Unity/6000.3.10f1/Editor/Data/Managed/UnityEngine/UnityEditor.SpriteShapeModule.dll"
-r:"C:/Unity/6000.3.10f1/Editor/Data/Managed/UnityEngine/UnityEditor.SubstanceModule.dll"
-r:"C:/Unity/6000.3.10f1/Editor/Data/Managed/UnityEngine/UnityEditor.TerrainModule.dll"
-r:"C:/Unity/6000.3.10f1/Editor/Data/Managed/UnityEngine/UnityEditor.TextCoreFontEngineModule.dll"
-r:"C:/Unity/6000.3.10f1/Editor/Data/Managed/UnityEngine/UnityEditor.TextCoreTextEngineModule.dll"
-r:"C:/Unity/6000.3.10f1/Editor/Data/Managed/UnityEngine/UnityEditor.TextRenderingModule.dll"
-r:"C:/Unity/6000.3.10f1/Editor/Data/Managed/UnityEngine/UnityEditor.TilemapModule.dll"
-r:"C:/Unity/6000.3.10f1/Editor/Data/Managed/UnityEngine/UnityEditor.TreeModule.dll"
-r:"C:/Unity/6000.3.10f1/Editor/Data/Managed/UnityEngine/UnityEditor.UIAutomationModule.dll"
-r:"C:/Unity/6000.3.10f1/Editor/Data/Managed/UnityEngine/UnityEditor.UIBuilderModule.dll"
-r:"C:/Unity/6000.3.10f1/Editor/Data/Managed/UnityEngine/UnityEditor.UIElementsModule.dll"
-r:"C:/Unity/6000.3.10f1/Editor/Data/Managed/UnityEngine/UnityEditor.UIElementsSamplesModule.dll"
-r:"C:/Unity/6000.3.10f1/Editor/Data/Managed/UnityEngine/UnityEditor.UIToolkitAuthoringModule.dll"
-r:"C:/Unity/6000.3.10f1/Editor/Data/Managed/UnityEngine/UnityEditor.UmbraModule.dll"
-r:"C:/Unity/6000.3.10f1/Editor/Data/Managed/UnityEngine/UnityEditor.UnityConnectModule.dll"
-r:"C:/Unity/6000.3.10f1/Editor/Data/Managed/UnityEngine/UnityEditor.VectorGraphicsModule.dll"
-r:"C:/Unity/6000.3.10f1/Editor/Data/Managed/UnityEngine/UnityEditor.VFXModule.dll"
-r:"C:/Unity/6000.3.10f1/Editor/Data/Managed/UnityEngine/UnityEditor.VideoModule.dll"
-r:"C:/Unity/6000.3.10f1/Editor/Data/Managed/UnityEngine/UnityEditor.XRModule.dll"
-r:"C:/Unity/6000.3.10f1/Editor/Data/Managed/UnityEngine/UnityEngine.AccessibilityModule.dll"
-r:"C:/Unity/6000.3.10f1/Editor/Data/Managed/UnityEngine/UnityEngine.AdaptivePerformanceModule.dll"
-r:"C:/Unity/6000.3.10f1/Editor/Data/Managed/UnityEngine/UnityEngine.AIModule.dll"
-r:"C:/Unity/6000.3.10f1/Editor/Data/Managed/UnityEngine/UnityEngine.AMDModule.dll"
-r:"C:/Unity/6000.3.10f1/Editor/Data/Managed/UnityEngine/UnityEngine.AndroidJNIModule.dll"
-r:"C:/Unity/6000.3.10f1/Editor/Data/Managed/UnityEngine/UnityEngine.AnimationModule.dll"
-r:"C:/Unity/6000.3.10f1/Editor/Data/Managed/UnityEngine/UnityEngine.ARModule.dll"
-r:"C:/Unity/6000.3.10f1/Editor/Data/Managed/UnityEngine/UnityEngine.AssetBundleModule.dll"
-r:"C:/Unity/6000.3.10f1/Editor/Data/Managed/UnityEngine/UnityEngine.AudioModule.dll"
-r:"C:/Unity/6000.3.10f1/Editor/Data/Managed/UnityEngine/UnityEngine.ClothModule.dll"
-r:"C:/Unity/6000.3.10f1/Editor/Data/Managed/UnityEngine/UnityEngine.ClusterInputModule.dll"
-r:"C:/Unity/6000.3.10f1/Editor/Data/Managed/UnityEngine/UnityEngine.ClusterRendererModule.dll"
-r:"C:/Unity/6000.3.10f1/Editor/Data/Managed/UnityEngine/UnityEngine.ContentLoadModule.dll"
-r:"C:/Unity/6000.3.10f1/Editor/Data/Managed/UnityEngine/UnityEngine.CoreModule.dll"
-r:"C:/Unity/6000.3.10f1/Editor/Data/Managed/UnityEngine/UnityEngine.CrashReportingModule.dll"
-r:"C:/Unity/6000.3.10f1/Editor/Data/Managed/UnityEngine/UnityEngine.DirectorModule.dll"
-r:"C:/Unity/6000.3.10f1/Editor/Data/Managed/UnityEngine/UnityEngine.dll"
-r:"C:/Unity/6000.3.10f1/Editor/Data/Managed/UnityEngine/UnityEngine.DSPGraphModule.dll"
-r:"C:/Unity/6000.3.10f1/Editor/Data/Managed/UnityEngine/UnityEngine.GameCenterModule.dll"
-r:"C:/Unity/6000.3.10f1/Editor/Data/Managed/UnityEngine/UnityEngine.GIModule.dll"
-r:"C:/Unity/6000.3.10f1/Editor/Data/Managed/UnityEngine/UnityEngine.GraphicsStateCollectionSerializerModule.dll"
-r:"C:/Unity/6000.3.10f1/Editor/Data/Managed/UnityEngine/UnityEngine.GridModule.dll"
-r:"C:/Unity/6000.3.10f1/Editor/Data/Managed/UnityEngine/UnityEngine.HierarchyCoreModule.dll"
-r:"C:/Unity/6000.3.10f1/Editor/Data/Managed/UnityEngine/UnityEngine.HierarchyModule.dll"
-r:"C:/Unity/6000.3.10f1/Editor/Data/Managed/UnityEngine/UnityEngine.HotReloadModule.dll"
-r:"C:/Unity/6000.3.10f1/Editor/Data/Managed/UnityEngine/UnityEngine.IdentifiersModule.dll"
-r:"C:/Unity/6000.3.10f1/Editor/Data/Managed/UnityEngine/UnityEngine.ImageConversionModule.dll"
-r:"C:/Unity/6000.3.10f1/Editor/Data/Managed/UnityEngine/UnityEngine.IMGUIModule.dll"
-r:"C:/Unity/6000.3.10f1/Editor/Data/Managed/UnityEngine/UnityEngine.InputForUIModule.dll"
-r:"C:/Unity/6000.3.10f1/Editor/Data/Managed/UnityEngine/UnityEngine.InputLegacyModule.dll"
-r:"C:/Unity/6000.3.10f1/Editor/Data/Managed/UnityEngine/UnityEngine.InputModule.dll"
-r:"C:/Unity/6000.3.10f1/Editor/Data/Managed/UnityEngine/UnityEngine.InsightsModule.dll"
-r:"C:/Unity/6000.3.10f1/Editor/Data/Managed/UnityEngine/UnityEngine.JSONSerializeModule.dll"
-r:"C:/Unity/6000.3.10f1/Editor/Data/Managed/UnityEngine/UnityEngine.LocalizationModule.dll"
-r:"C:/Unity/6000.3.10f1/Editor/Data/Managed/UnityEngine/UnityEngine.MarshallingModule.dll"
-r:"C:/Unity/6000.3.10f1/Editor/Data/Managed/UnityEngine/UnityEngine.MultiplayerModule.dll"
-r:"C:/Unity/6000.3.10f1/Editor/Data/Managed/UnityEngine/UnityEngine.NVIDIAModule.dll"
-r:"C:/Unity/6000.3.10f1/Editor/Data/Managed/UnityEngine/UnityEngine.ParticleSystemModule.dll"
-r:"C:/Unity/6000.3.10f1/Editor/Data/Managed/UnityEngine/UnityEngine.PerformanceReportingModule.dll"
-r:"C:/Unity/6000.3.10f1/Editor/Data/Managed/UnityEngine/UnityEngine.Physics2DModule.dll"
-r:"C:/Unity/6000.3.10f1/Editor/Data/Managed/UnityEngine/UnityEngine.PhysicsBackendPhysXModule.dll"
-r:"C:/Unity/6000.3.10f1/Editor/Data/Managed/UnityEngine/UnityEngine.PhysicsModule.dll"
-r:"C:/Unity/6000.3.10f1/Editor/Data/Managed/UnityEngine/UnityEngine.PropertiesModule.dll"
-r:"C:/Unity/6000.3.10f1/Editor/Data/Managed/UnityEngine/UnityEngine.RenderAs2DModule.dll"
-r:"C:/Unity/6000.3.10f1/Editor/Data/Managed/UnityEngine/UnityEngine.RuntimeInitializeOnLoadManagerInitializerModule.dll"
-r:"C:/Unity/6000.3.10f1/Editor/Data/Managed/UnityEngine/UnityEngine.ScreenCaptureModule.dll"
-r:"C:/Unity/6000.3.10f1/Editor/Data/Managed/UnityEngine/UnityEngine.ShaderRuntimeModule.dll"
-r:"C:/Unity/6000.3.10f1/Editor/Data/Managed/UnityEngine/UnityEngine.ShaderVariantAnalyticsModule.dll"
-r:"C:/Unity/6000.3.10f1/Editor/Data/Managed/UnityEngine/UnityEngine.SharedInternalsModule.dll"
-r:"C:/Unity/6000.3.10f1/Editor/Data/Managed/UnityEngine/UnityEngine.SpriteMaskModule.dll"
-r:"C:/Unity/6000.3.10f1/Editor/Data/Managed/UnityEngine/UnityEngine.SpriteShapeModule.dll"
-r:"C:/Unity/6000.3.10f1/Editor/Data/Managed/UnityEngine/UnityEngine.StreamingModule.dll"
-r:"C:/Unity/6000.3.10f1/Editor/Data/Managed/UnityEngine/UnityEngine.SubstanceModule.dll"
-r:"C:/Unity/6000.3.10f1/Editor/Data/Managed/UnityEngine/UnityEngine.SubsystemsModule.dll"
-r:"C:/Unity/6000.3.10f1/Editor/Data/Managed/UnityEngine/UnityEngine.TerrainModule.dll"
-r:"C:/Unity/6000.3.10f1/Editor/Data/Managed/UnityEngine/UnityEngine.TerrainPhysicsModule.dll"
-r:"C:/Unity/6000.3.10f1/Editor/Data/Managed/UnityEngine/UnityEngine.TextCoreFontEngineModule.dll"
-r:"C:/Unity/6000.3.10f1/Editor/Data/Managed/UnityEngine/UnityEngine.TextCoreTextEngineModule.dll"
-r:"C:/Unity/6000.3.10f1/Editor/Data/Managed/UnityEngine/UnityEngine.TextRenderingModule.dll"
-r:"C:/Unity/6000.3.10f1/Editor/Data/Managed/UnityEngine/UnityEngine.TilemapModule.dll"
-r:"C:/Unity/6000.3.10f1/Editor/Data/Managed/UnityEngine/UnityEngine.TLSModule.dll"
-r:"C:/Unity/6000.3.10f1/Editor/Data/Managed/UnityEngine/UnityEngine.UIElementsModule.dll"
-r:"C:/Unity/6000.3.10f1/Editor/Data/Managed/UnityEngine/UnityEngine.UIModule.dll"
-r:"C:/Unity/6000.3.10f1/Editor/Data/Managed/UnityEngine/UnityEngine.UmbraModule.dll"
-r:"C:/Unity/6000.3.10f1/Editor/Data/Managed/UnityEngine/UnityEngine.UnityAnalyticsCommonModule.dll"
-r:"C:/Unity/6000.3.10f1/Editor/Data/Managed/UnityEngine/UnityEngine.UnityAnalyticsModule.dll"
-r:"C:/Unity/6000.3.10f1/Editor/Data/Managed/UnityEngine/UnityEngine.UnityConnectModule.dll"
-r:"C:/Unity/6000.3.10f1/Editor/Data/Managed/UnityEngine/UnityEngine.UnityConsentModule.dll"
-r:"C:/Unity/6000.3.10f1/Editor/Data/Managed/UnityEngine/UnityEngine.UnityCurlModule.dll"
-r:"C:/Unity/6000.3.10f1/Editor/Data/Managed/UnityEngine/UnityEngine.UnityWebRequestAssetBundleModule.dll"
-r:"C:/Unity/6000.3.10f1/Editor/Data/Managed/UnityEngine/UnityEngine.UnityWebRequestAudioModule.dll"
-r:"C:/Unity/6000.3.10f1/Editor/Data/Managed/UnityEngine/UnityEngine.UnityWebRequestModule.dll"
-r:"C:/Unity/6000.3.10f1/Editor/Data/Managed/UnityEngine/UnityEngine.UnityWebRequestTextureModule.dll"
-r:"C:/Unity/6000.3.10f1/Editor/Data/Managed/UnityEngine/UnityEngine.UnityWebRequestWWWModule.dll"
-r:"C:/Unity/6000.3.10f1/Editor/Data/Managed/UnityEngine/UnityEngine.VectorGraphicsModule.dll"
-r:"C:/Unity/6000.3.10f1/Editor/Data/Managed/UnityEngine/UnityEngine.VehiclesModule.dll"
-r:"C:/Unity/6000.3.10f1/Editor/Data/Managed/UnityEngine/UnityEngine.VFXModule.dll"
-r:"C:/Unity/6000.3.10f1/Editor/Data/Managed/UnityEngine/UnityEngine.VideoModule.dll"
-r:"C:/Unity/6000.3.10f1/Editor/Data/Managed/UnityEngine/UnityEngine.VirtualTexturingModule.dll"
-r:"C:/Unity/6000.3.10f1/Editor/Data/Managed/UnityEngine/UnityEngine.VRModule.dll"
-r:"C:/Unity/6000.3.10f1/Editor/Data/Managed/UnityEngine/UnityEngine.WindModule.dll"
-r:"C:/Unity/6000.3.10f1/Editor/Data/Managed/UnityEngine/UnityEngine.XRModule.dll"
-r:"C:/Unity/6000.3.10f1/Editor/Data/PlaybackEngines/WindowsStandaloneSupport/UnityEditor.WindowsStandalone.Extensions.dll"
-r:"C:/Unity/6000.3.10f1/Editor/Data/UnityReferenceAssemblies/unity-4.8-api/Facades/Microsoft.Win32.Primitives.dll"
-r:"C:/Unity/6000.3.10f1/Editor/Data/UnityReferenceAssemblies/unity-4.8-api/Facades/netstandard.dll"
-r:"C:/Unity/6000.3.10f1/Editor/Data/UnityReferenceAssemblies/unity-4.8-api/Facades/System.AppContext.dll"
-r:"C:/Unity/6000.3.10f1/Editor/Data/UnityReferenceAssemblies/unity-4.8-api/Facades/System.Buffers.dll"
-r:"C:/Unity/6000.3.10f1/Editor/Data/UnityReferenceAssemblies/unity-4.8-api/Facades/System.Collections.Concurrent.dll"
-r:"C:/Unity/6000.3.10f1/Editor/Data/UnityReferenceAssemblies/unity-4.8-api/Facades/System.Collections.dll"
-r:"C:/Unity/6000.3.10f1/Editor/Data/UnityReferenceAssemblies/unity-4.8-api/Facades/System.Collections.NonGeneric.dll"
-r:"C:/Unity/6000.3.10f1/Editor/Data/UnityReferenceAssemblies/unity-4.8-api/Facades/System.Collections.Specialized.dll"
-r:"C:/Unity/6000.3.10f1/Editor/Data/UnityReferenceAssemblies/unity-4.8-api/Facades/System.ComponentModel.Annotations.dll"
-r:"C:/Unity/6000.3.10f1/Editor/Data/UnityReferenceAssemblies/unity-4.8-api/Facades/System.ComponentModel.dll"
-r:"C:/Unity/6000.3.10f1/Editor/Data/UnityReferenceAssemblies/unity-4.8-api/Facades/System.ComponentModel.EventBasedAsync.dll"
-r:"C:/Unity/6000.3.10f1/Editor/Data/UnityReferenceAssemblies/unity-4.8-api/Facades/System.ComponentModel.Primitives.dll"
-r:"C:/Unity/6000.3.10f1/Editor/Data/UnityReferenceAssemblies/unity-4.8-api/Facades/System.ComponentModel.TypeConverter.dll"
-r:"C:/Unity/6000.3.10f1/Editor/Data/UnityReferenceAssemblies/unity-4.8-api/Facades/System.Console.dll"
-r:"C:/Unity/6000.3.10f1/Editor/Data/UnityReferenceAssemblies/unity-4.8-api/Facades/System.Data.Common.dll"
-r:"C:/Unity/6000.3.10f1/Editor/Data/UnityReferenceAssemblies/unity-4.8-api/Facades/System.Diagnostics.Contracts.dll"
-r:"C:/Unity/6000.3.10f1/Editor/Data/UnityReferenceAssemblies/unity-4.8-api/Facades/System.Diagnostics.Debug.dll"
-r:"C:/Unity/6000.3.10f1/Editor/Data/UnityReferenceAssemblies/unity-4.8-api/Facades/System.Diagnostics.FileVersionInfo.dll"
-r:"C:/Unity/6000.3.10f1/Editor/Data/UnityReferenceAssemblies/unity-4.8-api/Facades/System.Diagnostics.Process.dll"
-r:"C:/Unity/6000.3.10f1/Editor/Data/UnityReferenceAssemblies/unity-4.8-api/Facades/System.Diagnostics.StackTrace.dll"
-r:"C:/Unity/6000.3.10f1/Editor/Data/UnityReferenceAssemblies/unity-4.8-api/Facades/System.Diagnostics.TextWriterTraceListener.dll"
-r:"C:/Unity/6000.3.10f1/Editor/Data/UnityReferenceAssemblies/unity-4.8-api/Facades/System.Diagnostics.Tools.dll"
-r:"C:/Unity/6000.3.10f1/Editor/Data/UnityReferenceAssemblies/unity-4.8-api/Facades/System.Diagnostics.TraceSource.dll"
-r:"C:/Unity/6000.3.10f1/Editor/Data/UnityReferenceAssemblies/unity-4.8-api/Facades/System.Drawing.Primitives.dll"
-r:"C:/Unity/6000.3.10f1/Editor/Data/UnityReferenceAssemblies/unity-4.8-api/Facades/System.Dynamic.Runtime.dll"
-r:"C:/Unity/6000.3.10f1/Editor/Data/UnityReferenceAssemblies/unity-4.8-api/Facades/System.Globalization.Calendars.dll"
-r:"C:/Unity/6000.3.10f1/Editor/Data/UnityReferenceAssemblies/unity-4.8-api/Facades/System.Globalization.dll"
-r:"C:/Unity/6000.3.10f1/Editor/Data/UnityReferenceAssemblies/unity-4.8-api/Facades/System.Globalization.Extensions.dll"
-r:"C:/Unity/6000.3.10f1/Editor/Data/UnityReferenceAssemblies/unity-4.8-api/Facades/System.IO.Compression.ZipFile.dll"
-r:"C:/Unity/6000.3.10f1/Editor/Data/UnityReferenceAssemblies/unity-4.8-api/Facades/System.IO.dll"
-r:"C:/Unity/6000.3.10f1/Editor/Data/UnityReferenceAssemblies/unity-4.8-api/Facades/System.IO.FileSystem.dll"
-r:"C:/Unity/6000.3.10f1/Editor/Data/UnityReferenceAssemblies/unity-4.8-api/Facades/System.IO.FileSystem.DriveInfo.dll"
-r:"C:/Unity/6000.3.10f1/Editor/Data/UnityReferenceAssemblies/unity-4.8-api/Facades/System.IO.FileSystem.Primitives.dll"
-r:"C:/Unity/6000.3.10f1/Editor/Data/UnityReferenceAssemblies/unity-4.8-api/Facades/System.IO.FileSystem.Watcher.dll"
-r:"C:/Unity/6000.3.10f1/Editor/Data/UnityReferenceAssemblies/unity-4.8-api/Facades/System.IO.IsolatedStorage.dll"
-r:"C:/Unity/6000.3.10f1/Editor/Data/UnityReferenceAssemblies/unity-4.8-api/Facades/System.IO.MemoryMappedFiles.dll"
-r:"C:/Unity/6000.3.10f1/Editor/Data/UnityReferenceAssemblies/unity-4.8-api/Facades/System.IO.Pipes.dll"
-r:"C:/Unity/6000.3.10f1/Editor/Data/UnityReferenceAssemblies/unity-4.8-api/Facades/System.IO.UnmanagedMemoryStream.dll"
-r:"C:/Unity/6000.3.10f1/Editor/Data/UnityReferenceAssemblies/unity-4.8-api/Facades/System.Linq.dll"
-r:"C:/Unity/6000.3.10f1/Editor/Data/UnityReferenceAssemblies/unity-4.8-api/Facades/System.Linq.Expressions.dll"
-r:"C:/Unity/6000.3.10f1/Editor/Data/UnityReferenceAssemblies/unity-4.8-api/Facades/System.Linq.Parallel.dll"
-r:"C:/Unity/6000.3.10f1/Editor/Data/UnityReferenceAssemblies/unity-4.8-api/Facades/System.Linq.Queryable.dll"
-r:"C:/Unity/6000.3.10f1/Editor/Data/UnityReferenceAssemblies/unity-4.8-api/Facades/System.Memory.dll"
-r:"C:/Unity/6000.3.10f1/Editor/Data/UnityReferenceAssemblies/unity-4.8-api/Facades/System.Net.Http.Rtc.dll"
-r:"C:/Unity/6000.3.10f1/Editor/Data/UnityReferenceAssemblies/unity-4.8-api/Facades/System.Net.NameResolution.dll"
-r:"C:/Unity/6000.3.10f1/Editor/Data/UnityReferenceAssemblies/unity-4.8-api/Facades/System.Net.NetworkInformation.dll"
-r:"C:/Unity/6000.3.10f1/Editor/Data/UnityReferenceAssemblies/unity-4.8-api/Facades/System.Net.Ping.dll"
-r:"C:/Unity/6000.3.10f1/Editor/Data/UnityReferenceAssemblies/unity-4.8-api/Facades/System.Net.Primitives.dll"
-r:"C:/Unity/6000.3.10f1/Editor/Data/UnityReferenceAssemblies/unity-4.8-api/Facades/System.Net.Requests.dll"
-r:"C:/Unity/6000.3.10f1/Editor/Data/UnityReferenceAssemblies/unity-4.8-api/Facades/System.Net.Security.dll"
-r:"C:/Unity/6000.3.10f1/Editor/Data/UnityReferenceAssemblies/unity-4.8-api/Facades/System.Net.Sockets.dll"
-r:"C:/Unity/6000.3.10f1/Editor/Data/UnityReferenceAssemblies/unity-4.8-api/Facades/System.Net.WebHeaderCollection.dll"
-r:"C:/Unity/6000.3.10f1/Editor/Data/UnityReferenceAssemblies/unity-4.8-api/Facades/System.Net.WebSockets.Client.dll"
-r:"C:/Unity/6000.3.10f1/Editor/Data/UnityReferenceAssemblies/unity-4.8-api/Facades/System.Net.WebSockets.dll"
-r:"C:/Unity/6000.3.10f1/Editor/Data/UnityReferenceAssemblies/unity-4.8-api/Facades/System.ObjectModel.dll"
-r:"C:/Unity/6000.3.10f1/Editor/Data/UnityReferenceAssemblies/unity-4.8-api/Facades/System.Reflection.DispatchProxy.dll"
-r:"C:/Unity/6000.3.10f1/Editor/Data/UnityReferenceAssemblies/unity-4.8-api/Facades/System.Reflection.dll"
-r:"C:/Unity/6000.3.10f1/Editor/Data/UnityReferenceAssemblies/unity-4.8-api/Facades/System.Reflection.Emit.dll"
-r:"C:/Unity/6000.3.10f1/Editor/Data/UnityReferenceAssemblies/unity-4.8-api/Facades/System.Reflection.Emit.ILGeneration.dll"
-r:"C:/Unity/6000.3.10f1/Editor/Data/UnityReferenceAssemblies/unity-4.8-api/Facades/System.Reflection.Emit.Lightweight.dll"
-r:"C:/Unity/6000.3.10f1/Editor/Data/UnityReferenceAssemblies/unity-4.8-api/Facades/System.Reflection.Extensions.dll"
-r:"C:/Unity/6000.3.10f1/Editor/Data/UnityReferenceAssemblies/unity-4.8-api/Facades/System.Reflection.Primitives.dll"
-r:"C:/Unity/6000.3.10f1/Editor/Data/UnityReferenceAssemblies/unity-4.8-api/Facades/System.Resources.Reader.dll"
-r:"C:/Unity/6000.3.10f1/Editor/Data/UnityReferenceAssemblies/unity-4.8-api/Facades/System.Resources.ResourceManager.dll"
-r:"C:/Unity/6000.3.10f1/Editor/Data/UnityReferenceAssemblies/unity-4.8-api/Facades/System.Resources.Writer.dll"
-r:"C:/Unity/6000.3.10f1/Editor/Data/UnityReferenceAssemblies/unity-4.8-api/Facades/System.Runtime.CompilerServices.VisualC.dll"
-r:"C:/Unity/6000.3.10f1/Editor/Data/UnityReferenceAssemblies/unity-4.8-api/Facades/System.Runtime.dll"
-r:"C:/Unity/6000.3.10f1/Editor/Data/UnityReferenceAssemblies/unity-4.8-api/Facades/System.Runtime.Extensions.dll"
-r:"C:/Unity/6000.3.10f1/Editor/Data/UnityReferenceAssemblies/unity-4.8-api/Facades/System.Runtime.Handles.dll"
-r:"C:/Unity/6000.3.10f1/Editor/Data/UnityReferenceAssemblies/unity-4.8-api/Facades/System.Runtime.InteropServices.dll"
-r:"C:/Unity/6000.3.10f1/Editor/Data/UnityReferenceAssemblies/unity-4.8-api/Facades/System.Runtime.InteropServices.RuntimeInformation.dll"
-r:"C:/Unity/6000.3.10f1/Editor/Data/UnityReferenceAssemblies/unity-4.8-api/Facades/System.Runtime.InteropServices.WindowsRuntime.dll"
-r:"C:/Unity/6000.3.10f1/Editor/Data/UnityReferenceAssemblies/unity-4.8-api/Facades/System.Runtime.Numerics.dll"
-r:"C:/Unity/6000.3.10f1/Editor/Data/UnityReferenceAssemblies/unity-4.8-api/Facades/System.Runtime.Serialization.Formatters.dll"
-r:"C:/Unity/6000.3.10f1/Editor/Data/UnityReferenceAssemblies/unity-4.8-api/Facades/System.Runtime.Serialization.Json.dll"
-r:"C:/Unity/6000.3.10f1/Editor/Data/UnityReferenceAssemblies/unity-4.8-api/Facades/System.Runtime.Serialization.Primitives.dll"
-r:"C:/Unity/6000.3.10f1/Editor/Data/UnityReferenceAssemblies/unity-4.8-api/Facades/System.Runtime.Serialization.Xml.dll"
-r:"C:/Unity/6000.3.10f1/Editor/Data/UnityReferenceAssemblies/unity-4.8-api/Facades/System.Security.Claims.dll"
-r:"C:/Unity/6000.3.10f1/Editor/Data/UnityReferenceAssemblies/unity-4.8-api/Facades/System.Security.Cryptography.Algorithms.dll"
-r:"C:/Unity/6000.3.10f1/Editor/Data/UnityReferenceAssemblies/unity-4.8-api/Facades/System.Security.Cryptography.Csp.dll"
-r:"C:/Unity/6000.3.10f1/Editor/Data/UnityReferenceAssemblies/unity-4.8-api/Facades/System.Security.Cryptography.Encoding.dll"
-r:"C:/Unity/6000.3.10f1/Editor/Data/UnityReferenceAssemblies/unity-4.8-api/Facades/System.Security.Cryptography.Primitives.dll"
-r:"C:/Unity/6000.3.10f1/Editor/Data/UnityReferenceAssemblies/unity-4.8-api/Facades/System.Security.Cryptography.X509Certificates.dll"
-r:"C:/Unity/6000.3.10f1/Editor/Data/UnityReferenceAssemblies/unity-4.8-api/Facades/System.Security.Principal.dll"
-r:"C:/Unity/6000.3.10f1/Editor/Data/UnityReferenceAssemblies/unity-4.8-api/Facades/System.Security.SecureString.dll"
-r:"C:/Unity/6000.3.10f1/Editor/Data/UnityReferenceAssemblies/unity-4.8-api/Facades/System.ServiceModel.Duplex.dll"
-r:"C:/Unity/6000.3.10f1/Editor/Data/UnityReferenceAssemblies/unity-4.8-api/Facades/System.ServiceModel.Http.dll"
-r:"C:/Unity/6000.3.10f1/Editor/Data/UnityReferenceAssemblies/unity-4.8-api/Facades/System.ServiceModel.NetTcp.dll"
-r:"C:/Unity/6000.3.10f1/Editor/Data/UnityReferenceAssemblies/unity-4.8-api/Facades/System.ServiceModel.Primitives.dll"
-r:"C:/Unity/6000.3.10f1/Editor/Data/UnityReferenceAssemblies/unity-4.8-api/Facades/System.ServiceModel.Security.dll"
-r:"C:/Unity/6000.3.10f1/Editor/Data/UnityReferenceAssemblies/unity-4.8-api/Facades/System.Text.Encoding.dll"
-r:"C:/Unity/6000.3.10f1/Editor/Data/UnityReferenceAssemblies/unity-4.8-api/Facades/System.Text.Encoding.Extensions.dll"
-r:"C:/Unity/6000.3.10f1/Editor/Data/UnityReferenceAssemblies/unity-4.8-api/Facades/System.Text.RegularExpressions.dll"
-r:"C:/Unity/6000.3.10f1/Editor/Data/UnityReferenceAssemblies/unity-4.8-api/Facades/System.Threading.dll"
-r:"C:/Unity/6000.3.10f1/Editor/Data/UnityReferenceAssemblies/unity-4.8-api/Facades/System.Threading.Overlapped.dll"
-r:"C:/Unity/6000.3.10f1/Editor/Data/UnityReferenceAssemblies/unity-4.8-api/Facades/System.Threading.Tasks.dll"
-r:"C:/Unity/6000.3.10f1/Editor/Data/UnityReferenceAssemblies/unity-4.8-api/Facades/System.Threading.Tasks.Extensions.dll"
-r:"C:/Unity/6000.3.10f1/Editor/Data/UnityReferenceAssemblies/unity-4.8-api/Facades/System.Threading.Tasks.Parallel.dll"
-r:"C:/Unity/6000.3.10f1/Editor/Data/UnityReferenceAssemblies/unity-4.8-api/Facades/System.Threading.Thread.dll"
-r:"C:/Unity/6000.3.10f1/Editor/Data/UnityReferenceAssemblies/unity-4.8-api/Facades/System.Threading.ThreadPool.dll"
-r:"C:/Unity/6000.3.10f1/Editor/Data/UnityReferenceAssemblies/unity-4.8-api/Facades/System.Threading.Timer.dll"
-r:"C:/Unity/6000.3.10f1/Editor/Data/UnityReferenceAssemblies/unity-4.8-api/Facades/System.ValueTuple.dll"
-r:"C:/Unity/6000.3.10f1/Editor/Data/UnityReferenceAssemblies/unity-4.8-api/Facades/System.Xml.ReaderWriter.dll"
-r:"C:/Unity/6000.3.10f1/Editor/Data/UnityReferenceAssemblies/unity-4.8-api/Facades/System.Xml.XDocument.dll"
-r:"C:/Unity/6000.3.10f1/Editor/Data/UnityReferenceAssemblies/unity-4.8-api/Facades/System.Xml.XmlDocument.dll"
-r:"C:/Unity/6000.3.10f1/Editor/Data/UnityReferenceAssemblies/unity-4.8-api/Facades/System.Xml.XmlSerializer.dll"
-r:"C:/Unity/6000.3.10f1/Editor/Data/UnityReferenceAssemblies/unity-4.8-api/Facades/System.Xml.XPath.dll"
-r:"C:/Unity/6000.3.10f1/Editor/Data/UnityReferenceAssemblies/unity-4.8-api/Facades/System.Xml.XPath.XDocument.dll"
-r:"C:/Unity/6000.3.10f1/Editor/Data/UnityReferenceAssemblies/unity-4.8-api/Microsoft.CSharp.dll"
-r:"C:/Unity/6000.3.10f1/Editor/Data/UnityReferenceAssemblies/unity-4.8-api/mscorlib.dll"
-r:"C:/Unity/6000.3.10f1/Editor/Data/UnityReferenceAssemblies/unity-4.8-api/System.ComponentModel.Composition.dll"
-r:"C:/Unity/6000.3.10f1/Editor/Data/UnityReferenceAssemblies/unity-4.8-api/System.Core.dll"
-r:"C:/Unity/6000.3.10f1/Editor/Data/UnityReferenceAssemblies/unity-4.8-api/System.Data.DataSetExtensions.dll"
-r:"C:/Unity/6000.3.10f1/Editor/Data/UnityReferenceAssemblies/unity-4.8-api/System.Data.dll"
-r:"C:/Unity/6000.3.10f1/Editor/Data/UnityReferenceAssemblies/unity-4.8-api/System.dll"
-r:"C:/Unity/6000.3.10f1/Editor/Data/UnityReferenceAssemblies/unity-4.8-api/System.Drawing.dll"
-r:"C:/Unity/6000.3.10f1/Editor/Data/UnityReferenceAssemblies/unity-4.8-api/System.IO.Compression.dll"
-r:"C:/Unity/6000.3.10f1/Editor/Data/UnityReferenceAssemblies/unity-4.8-api/System.IO.Compression.FileSystem.dll"
-r:"C:/Unity/6000.3.10f1/Editor/Data/UnityReferenceAssemblies/unity-4.8-api/System.Net.Http.dll"
-r:"C:/Unity/6000.3.10f1/Editor/Data/UnityReferenceAssemblies/unity-4.8-api/System.Numerics.dll"
-r:"C:/Unity/6000.3.10f1/Editor/Data/UnityReferenceAssemblies/unity-4.8-api/System.Numerics.Vectors.dll"
-r:"C:/Unity/6000.3.10f1/Editor/Data/UnityReferenceAssemblies/unity-4.8-api/System.Runtime.Serialization.dll"
-r:"C:/Unity/6000.3.10f1/Editor/Data/UnityReferenceAssemblies/unity-4.8-api/System.Transactions.dll"
-r:"C:/Unity/6000.3.10f1/Editor/Data/UnityReferenceAssemblies/unity-4.8-api/System.Xml.dll"
-r:"C:/Unity/6000.3.10f1/Editor/Data/UnityReferenceAssemblies/unity-4.8-api/System.Xml.Linq.dll"
-r:"Library/PackageCache/com.unity.collections@aea9d3bd5e19/Unity.Collections.LowLevel.ILSupport/Unity.Collections.LowLevel.ILSupport.dll"
-r:"Library/PackageCache/com.unity.collections@aea9d3bd5e19/Unity.Collections.Tests/System.IO.Hashing/System.IO.Hashing.dll"
-r:"Library/PackageCache/com.unity.collections@aea9d3bd5e19/Unity.Collections.Tests/System.Runtime.CompilerServices.Unsafe/System.Runtime.CompilerServices.Unsafe.dll"
-r:"Library/PackageCache/com.unity.ext.nunit@d8c07649098d/net40/unity-custom/nunit.framework.dll"
-r:"Library/PackageCache/com.unity.ext.nunit@d8c07649098d/net40/unity-custom/nunit.framework.dll"
-r:"Library/PackageCache/com.unity.nuget.mono-cecil@ecb9724e46ff/Mono.Cecil.dll"
-r:"Library/PackageCache/com.unity.nuget.newtonsoft-json@4dfd81071c64/Runtime/Newtonsoft.Json.dll"
-r:"Library/Bee/artifacts/1900b0aE.dag/Addressable_Editor.ref.dll"
-r:"Library/Bee/artifacts/1900b0aE.dag/Assembly-CSharp.ref.dll"
-r:"Library/Bee/artifacts/1900b0aE.dag/com.cqf.urpoutline.ref.dll"
-r:"Library/Bee/artifacts/1900b0aE.dag/PPv2URPConverters.ref.dll"
-r:"Library/Bee/artifacts/1900b0aE.dag/Shaderpackager-editor.ref.dll"
-r:"Library/Bee/artifacts/1900b0aE.dag/Textus.SerializeReferenceUI.ref.dll"
-r:"Library/Bee/artifacts/1900b0aE.dag/UMA_Content.ref.dll"
-r:"Library/Bee/artifacts/1900b0aE.dag/UMA_Core.ref.dll"
-r:"Library/Bee/artifacts/1900b0aE.dag/UMA_Core_Editor.ref.dll"
-r:"Library/Bee/artifacts/1900b0aE.dag/UMA_Examples.ref.dll"
-r:"Library/Bee/artifacts/1900b0aE.dag/UMA_Examples_Editor.ref.dll"
-r:"Library/Bee/artifacts/1900b0aE.dag/Unity.2D.Sprite.Editor.ref.dll"
-r:"Library/Bee/artifacts/1900b0aE.dag/Unity.Addressables.Editor.ref.dll"
-r:"Library/Bee/artifacts/1900b0aE.dag/Unity.Addressables.ref.dll"
-r:"Library/Bee/artifacts/1900b0aE.dag/Unity.AI.Navigation.Editor.ConversionSystem.ref.dll"
-r:"Library/Bee/artifacts/1900b0aE.dag/Unity.AI.Navigation.Editor.ref.dll"
-r:"Library/Bee/artifacts/1900b0aE.dag/Unity.AI.Navigation.ref.dll"
-r:"Library/Bee/artifacts/1900b0aE.dag/Unity.AI.Navigation.Updater.ref.dll"
-r:"Library/Bee/artifacts/1900b0aE.dag/Unity.AutoGroupGenerator.Editor.ref.dll"
-r:"Library/Bee/artifacts/1900b0aE.dag/Unity.Burst.Editor.ref.dll"
-r:"Library/Bee/artifacts/1900b0aE.dag/Unity.Burst.ref.dll"
-r:"Library/Bee/artifacts/1900b0aE.dag/Unity.Collections.Editor.ref.dll"
-r:"Library/Bee/artifacts/1900b0aE.dag/Unity.Collections.ref.dll"
-r:"Library/Bee/artifacts/1900b0aE.dag/Unity.InputSystem.ForUI.ref.dll"
-r:"Library/Bee/artifacts/1900b0aE.dag/Unity.InputSystem.ref.dll"
-r:"Library/Bee/artifacts/1900b0aE.dag/Unity.InternalAPIEngineBridge.004.ref.dll"
-r:"Library/Bee/artifacts/1900b0aE.dag/Unity.Localization.Editor.ref.dll"
-r:"Library/Bee/artifacts/1900b0aE.dag/Unity.Localization.ref.dll"
-r:"Library/Bee/artifacts/1900b0aE.dag/Unity.Mathematics.Editor.ref.dll"
-r:"Library/Bee/artifacts/1900b0aE.dag/Unity.Mathematics.ref.dll"
-r:"Library/Bee/artifacts/1900b0aE.dag/Unity.Multiplayer.Center.Common.ref.dll"
-r:"Library/Bee/artifacts/1900b0aE.dag/Unity.Multiplayer.Center.Editor.ref.dll"
-r:"Library/Bee/artifacts/1900b0aE.dag/Unity.Postprocessing.Editor.ref.dll"
-r:"Library/Bee/artifacts/1900b0aE.dag/Unity.Postprocessing.Runtime.ref.dll"
-r:"Library/Bee/artifacts/1900b0aE.dag/Unity.Profiling.Core.ref.dll"
-r:"Library/Bee/artifacts/1900b0aE.dag/Unity.Rendering.LightTransport.Editor.ref.dll"
-r:"Library/Bee/artifacts/1900b0aE.dag/Unity.RenderPipeline.Universal.ShaderLibrary.ref.dll"
-r:"Library/Bee/artifacts/1900b0aE.dag/Unity.RenderPipelines.Core.Editor.ref.dll"
-r:"Library/Bee/artifacts/1900b0aE.dag/Unity.RenderPipelines.Core.Editor.Shared.ref.dll"
-r:"Library/Bee/artifacts/1900b0aE.dag/Unity.RenderPipelines.Core.Runtime.ref.dll"
-r:"Library/Bee/artifacts/1900b0aE.dag/Unity.RenderPipelines.Core.Runtime.Shared.ref.dll"
-r:"Library/Bee/artifacts/1900b0aE.dag/Unity.RenderPipelines.Core.ShaderLibrary.ref.dll"
-r:"Library/Bee/artifacts/1900b0aE.dag/Unity.RenderPipelines.GPUDriven.Runtime.ref.dll"
-r:"Library/Bee/artifacts/1900b0aE.dag/Unity.RenderPipelines.ShaderGraph.ShaderGraphLibrary.ref.dll"
-r:"Library/Bee/artifacts/1900b0aE.dag/Unity.RenderPipelines.Universal.2D.Editor.Overrides.ref.dll"
-r:"Library/Bee/artifacts/1900b0aE.dag/Unity.RenderPipelines.Universal.2D.Runtime.ref.dll"
-r:"Library/Bee/artifacts/1900b0aE.dag/Unity.RenderPipelines.Universal.Config.Runtime.ref.dll"
-r:"Library/Bee/artifacts/1900b0aE.dag/Unity.RenderPipelines.Universal.Editor.ref.dll"
-r:"Library/Bee/artifacts/1900b0aE.dag/Unity.RenderPipelines.Universal.Runtime.ref.dll"
-r:"Library/Bee/artifacts/1900b0aE.dag/Unity.RenderPipelines.Universal.Shaders.ref.dll"
-r:"Library/Bee/artifacts/1900b0aE.dag/Unity.ResourceManager.ref.dll"
-r:"Library/Bee/artifacts/1900b0aE.dag/Unity.ScriptableBuildPipeline.Editor.ref.dll"
-r:"Library/Bee/artifacts/1900b0aE.dag/Unity.ScriptableBuildPipeline.ref.dll"
-r:"Library/Bee/artifacts/1900b0aE.dag/Unity.Searcher.Editor.ref.dll"
-r:"Library/Bee/artifacts/1900b0aE.dag/Unity.ShaderGraph.Editor.ref.dll"
-r:"Library/Bee/artifacts/1900b0aE.dag/Unity.TextMeshPro.Editor.ref.dll"
-r:"Library/Bee/artifacts/1900b0aE.dag/Unity.TextMeshPro.ref.dll"
-r:"Library/Bee/artifacts/1900b0aE.dag/Unity.Timeline.Editor.ref.dll"
-r:"Library/Bee/artifacts/1900b0aE.dag/Unity.Timeline.ref.dll"
-r:"Library/Bee/artifacts/1900b0aE.dag/Unity.UnifiedRayTracing.Runtime.ref.dll"
-r:"Library/Bee/artifacts/1900b0aE.dag/Unity.VisualStudio.Editor.ref.dll"
-r:"Library/Bee/artifacts/1900b0aE.dag/UnityEditor.TestRunner.ref.dll"
-r:"Library/Bee/artifacts/1900b0aE.dag/UnityEditor.UI.Analytics.ref.dll"
-r:"Library/Bee/artifacts/1900b0aE.dag/UnityEditor.UI.ref.dll"
-r:"Library/Bee/artifacts/1900b0aE.dag/UnityEngine.TestRunner.ref.dll"
-r:"Library/Bee/artifacts/1900b0aE.dag/UnityEngine.UI.ref.dll"
-analyzer:"C:/Unity/6000.3.10f1/Editor/Data/Tools/BuildPipeline/Unity.SourceGenerators/Unity.Properties.SourceGenerator.dll"
-analyzer:"C:/Unity/6000.3.10f1/Editor/Data/Tools/BuildPipeline/Unity.SourceGenerators/Unity.SourceGenerators.dll"
-analyzer:"C:/Unity/6000.3.10f1/Editor/Data/Tools/BuildPipeline/Unity.SourceGenerators/Unity.UIToolkit.SourceGenerator.dll"
"Assets/AnyRPG/Addons/anyrpg-uma/Scripts/Editor/Wizard/ConvertUMARecipeProfileWizard.cs"
"Assets/AnyRPG/Addons/anyrpg-uma/Scripts/Editor/Wizard/NewUMAEquipmentSetWizard.cs"
"Assets/AnyRPG/Addons/anyrpg-uma/Scripts/Editor/Wizard/UMASupportWizard.cs"
"Assets/AnyRPG/Core/System/Scripts/Editor/AddonManager.cs"
"Assets/AnyRPG/Core/System/Scripts/Editor/AnyRPGStartup.cs"
"Assets/AnyRPG/Core/System/Scripts/Editor/CustomEditors/ItemLevelPropertiesEditor.cs"
"Assets/AnyRPG/Core/System/Scripts/Editor/ExportPackage.cs"
"Assets/AnyRPG/Core/System/Scripts/Editor/InteractableEditor.cs"
"Assets/AnyRPG/Core/System/Scripts/Editor/MissingMaterialReferencesFinder.cs"
"Assets/AnyRPG/Core/System/Scripts/Editor/MissingPrefabDetector.cs"
"Assets/AnyRPG/Core/System/Scripts/Editor/MissingReferencesFinder.cs"
"Assets/AnyRPG/Core/System/Scripts/Editor/MissingScriptableReferencesFinder.cs"
"Assets/AnyRPG/Core/System/Scripts/Editor/ResourceSelector/DummyResourceManager.cs"
"Assets/AnyRPG/Core/System/Scripts/Editor/ResourceSelector/ResourceSelector.cs"
"Assets/AnyRPG/Core/System/Scripts/Editor/ResourceSelector/ResourceSelectorDrawer.cs"
"Assets/AnyRPG/Core/System/Scripts/Editor/UMAPatcher.cs"
"Assets/AnyRPG/Core/System/Scripts/Editor/WelcomeWindow.cs"
"Assets/AnyRPG/Core/System/Scripts/Editor/Wizard/AnimationClipInfoProperties.cs"
"Assets/AnyRPG/Core/System/Scripts/Editor/Wizard/AnimationProfileWizard.cs"
"Assets/AnyRPG/Core/System/Scripts/Editor/Wizard/BillboardWizard.cs"
"Assets/AnyRPG/Core/System/Scripts/Editor/Wizard/MiniMapWizard.cs"
"Assets/AnyRPG/Core/System/Scripts/Editor/Wizard/NewCharacterWizard.cs"
"Assets/AnyRPG/Core/System/Scripts/Editor/Wizard/NewCharacterWizardBase.cs"
"Assets/AnyRPG/Core/System/Scripts/Editor/Wizard/NewEquipmentSetWizard.cs"
"Assets/AnyRPG/Core/System/Scripts/Editor/Wizard/NewEquipmentSetWizardBase.cs"
"Assets/AnyRPG/Core/System/Scripts/Editor/Wizard/NewGameWizard.cs"
"Assets/AnyRPG/Core/System/Scripts/Editor/Wizard/NewGameWizardBase.cs"
"Assets/AnyRPG/Core/System/Scripts/Editor/Wizard/NewSceneWizard.cs"
"Assets/AnyRPG/Core/System/Scripts/Editor/Wizard/NewSceneWizardBase.cs"
"Assets/AnyRPG/Core/System/Scripts/Editor/Wizard/NewWeaponWizard.cs"
"Assets/AnyRPG/Core/System/Scripts/Editor/Wizard/RenameWizard.cs"
"Assets/AnyRPG/Core/System/Scripts/Editor/Wizard/ReverseAnimationClipWizard.cs"
"Assets/AnyRPG/Core/System/Scripts/Editor/Wizard/ScreenshotWizard.cs"
"Assets/AnyRPG/Core/System/Scripts/Editor/Wizard/SyncResourceNameWizard.cs"
"Assets/AnyRPG/Core/System/Scripts/Editor/Wizard/TemplateContentWizard.cs"
"Assets/AnyRPG/Core/System/Scripts/Editor/Wizard/Temporary/ConvertAbilityEffectWizard.cs"
"Assets/AnyRPG/Core/System/Scripts/Editor/Wizard/Temporary/ConvertAbilityWizard.cs"
"Assets/AnyRPG/Core/System/Scripts/Editor/Wizard/Temporary/ConvertEquipmentModelProfileWizard.cs"
"Assets/AnyRPG/Core/System/Scripts/Editor/Wizard/Temporary/ConvertEquipmentWizard.cs"
"Assets/AnyRPG/Core/System/Scripts/Editor/Wizard/Temporary/ConvertInlineEffectsWizard.cs"
"Assets/AnyRPG/Core/System/Scripts/Editor/Wizard/Temporary/ConvertStatusEffectWizard.cs"
"Assets/AnyRPG/Core/System/Scripts/Editor/Wizard/Temporary/ConvertTemplatePackageWizard.cs"
"Assets/AnyRPG/Core/System/Scripts/Editor/Wizard/Temporary/ConvertUnitProfileWizard.cs"
"Assets/AnyRPG/Core/System/Scripts/Editor/Wizard/Temporary/CopyItemPickupPropertyWizard.cs"
"Assets/AnyRPG/Core/System/Scripts/Editor/Wizard/Temporary/MigrateAbilityEffectWizard.cs"
"Assets/AnyRPG/Core/System/Scripts/Editor/WizardUtilities.cs"
"Assets/AnyRPG/Core/System/ThirdPartyContent/Unity-Skybox-Blender/Editor/SkyboxBlenderEditor.cs"
"Assets/Editor/AshProtocolBatch.cs"
-langversion:9.0
/deterministic
/optimize+
/debug:portable
/nologo
/RuntimeMetadataVersion:v4.0.30319
/nowarn:0169
/nowarn:0649
/nowarn:0282
/nowarn:1701
/nowarn:1702
/utf8output
/preferreduilang:en-US
/additionalfile:"Library/Bee/artifacts/1900b0aE.dag/Assembly-CSharp-Editor.UnityAdditionalFile.txt"
##### Custom Environment Variables
DOTNET_MULTILEVEL_LOOKUP=0
##### ExitCode
1
##### Output
Assets\Editor\AshProtocolBatch.cs(125,48): error CS0103: The name 'NamedBuildTarget' does not exist in the current context

Assets\Editor\AshProtocolBatch.cs(128,48): error CS0103: The name 'NamedBuildTarget' does not exist in the current context
*** Tundra build failed (82.01 seconds - 0:01:22), 965 items updated, 969 evaluated
## Script Compilation Error for: Csc Library/Bee/artifacts/1900b0aE.dag/Assembly-CSharp-Editor.dll (+2 others)
## CmdLine: "C:\Unity\6000.3.10f1\Editor\Data\NetCoreRuntime\dotnet.exe" exec "C:/Unity/6000.3.10f1/Editor/Data/DotNetSdkRoslyn/csc.dll" /nostdlib /noconfig /shared "@Library/Bee/artifacts/1900b0aE.dag/Assembly-CSharp-Editor.rsp" "@Library/Bee/artifacts/1900b0aE.dag/Assembly-CSharp-Editor.rsp2"
## Output:
Assets\Editor\AshProtocolBatch.cs(125,48): error CS0103: The name 'NamedBuildTarget' does not exist in the current context
Assets\Editor\AshProtocolBatch.cs(128,48): error CS0103: The name 'NamedBuildTarget' does not exist in the current context

Assets\UMA\Core\Extensions\DynamicCharacterSystem\Scripts\DynamicCharacterAvatar.cs(45,31): warning CS0618: 'Object.FindObjectOfType<T>()' is obsolete: 'Object.FindObjectOfType has been deprecated. Use Object.FindFirstObjectByType instead or if finding any instance is acceptable the faster Object.FindAnyObjectByType'
Assets\UMA\Core\Extensions\DynamicCharacterSystem\Scripts\DynamicCharacterAvatar.cs(527,49): warning CS0618: 'Object.FindObjectsOfType<T>()' is obsolete: 'Object.FindObjectsOfType has been deprecated. Use Object.FindObjectsByType instead which lets you decide whether you need the results sorted or not.  FindObjectsOfType sorts the results by InstanceID but if you do not need this using FindObjectSortMode.None is considerably faster.'
Assets\UMA\Core\Scripts\AssetItem.cs(451,21): warning CS0618: 'AssetDatabase.GetAssetPath(int)' is obsolete: 'Please use GetAssetPath(EntityId) with the EntityId parameter type instead.'
Assets\UMA\Core\Scripts\UMASettingsProvider.cs(254,53): warning CS0618: 'PlayerSettings.GetScriptingDefineSymbolsForGroup(BuildTargetGroup)' is obsolete: 'Use GetScriptingDefineSymbols(NamedBuildTarget buildTarget) instead'
Assets\UMA\Core\Scripts\UMAAssetIndexer.cs(2375,24): warning CS0618: 'AssetDatabase.GetAssetPath(int)' is obsolete: 'Please use GetAssetPath(EntityId) with the EntityId parameter type instead.'
Assets\UMA\Core\Scripts\UMAAssetIndexer.cs(3062,36): warning CS0618: 'AssetDatabase.GetAssetPath(int)' is obsolete: 'Please use GetAssetPath(EntityId) with the EntityId parameter type instead.'
Assets\UMA\Core\StandardAssets\UMA\Scripts\UMAContextBase.cs(18,18): warning CS0618: 'Object.FindObjectOfType<T>()' is obsolete: 'Object.FindObjectOfType has been deprecated. Use Object.FindFirstObjectByType instead or if finding any instance is acceptable the faster Object.FindAnyObjectByType'
Assets\UMA\Core\StandardAssets\UMA\Scripts\UMAContextBase.cs(22,18): warning CS0618: 'Object.FindObjectOfType<T>()' is obsolete: 'Object.FindObjectOfType has been deprecated. Use Object.FindFirstObjectByType instead or if finding any instance is acceptable the faster Object.FindAnyObjectByType'
Assets\UMA\Core\StandardAssets\UMA\Scripts\UMAContextBase.cs(253,16): warning CS0618: 'Object.FindObjectOfType<T>()' is obsolete: 'Object.FindObjectOfType has been deprecated. Use Object.FindFirstObjectByType instead or if finding any instance is acceptable the faster Object.FindAnyObjectByType'
Assets\UMA\Core\StandardAssets\UMA\Scripts\UMADynamicAvatar.cs(39,22): warning CS0618: 'Object.FindObjectOfType<T>()' is obsolete: 'Object.FindObjectOfType has been deprecated. Use Object.FindFirstObjectByType instead or if finding any instance is acceptable the faster Object.FindAnyObjectByType'
Assets\UMA\Core\Extensions\DynamicCharacterSystem\Scripts\DynamicCharacterAvatar.cs(4828,13): warning CS0618: 'Physics.BakeMesh(int, bool)' is obsolete: 'BakeMesh(int, bool) is obsolete. Use BakeMesh(EntityId, bool) instead.'
Assets\UMA\Core\StandardAssets\UMA\Scripts\UMAData.cs(766,5): warning CS0618: 'Object.FindObjectOfType<T>()' is obsolete: 'Object.FindObjectOfType has been deprecated. Use Object.FindFirstObjectByType instead or if finding any instance is acceptable the faster Object.FindAnyObjectByType'
Assets\UMA\Core\StandardAssets\UMA\Scripts\UMAData.cs(2379,20): warning CS0618: 'Object.FindObjectOfType<T>()' is obsolete: 'Object.FindObjectOfType has been deprecated. Use Object.FindFirstObjectByType instead or if finding any instance is acceptable the faster Object.FindAnyObjectByType'
Assets\UMA\Examples\DynamicCharacterSystem Examples\Assets\GUI\Scripts\Rotator.cs(52,29): warning CS0618: 'Quaternion.ToEuler()' is obsolete: 'Use Quaternion.eulerAngles instead. This function was deprecated because it uses radians instead of degrees.'
Assets\UMA\Examples\DynamicCharacterSystem Examples\Assets\GUI\Scripts\Rotator.cs(54,40): warning CS0618: 'Quaternion.EulerAngles(Vector3)' is obsolete: 'Use Quaternion.Euler instead. This function was deprecated because it uses radians instead of degrees.'
Assets\UMA\Examples\Physics Examples\Scripts\UMAShooter.cs(29,37): warning CS0618: 'Object.FindObjectsOfType<T>()' is obsolete: 'Object.FindObjectsOfType has been deprecated. Use Object.FindObjectsByType instead which lets you decide whether you need the results sorted or not.  FindObjectsOfType sorts the results by InstanceID but if you do not need this using FindObjectSortMode.None is considerably faster.'
Assets\UMA\Examples\DynamicCharacterSystem Examples\Scripts\Preloader.cs(56,28): warning CS1998: This async method lacks 'await' operators and will run synchronously. Consider using the 'await' operator to await non-blocking API calls, or 'await Task.Run(...)' to do CPU-bound work on a background thread.
Assets\UMA\Examples\DynamicCharacterSystem Examples\Assets\Resources\Scene1\SampleCode.cs(462,40): warning CS0618: 'Object.FindObjectsOfType<T>()' is obsolete: 'Object.FindObjectsOfType has been deprecated. Use Object.FindObjectsByType instead which lets you decide whether you need the results sorted or not.  FindObjectsOfType sorts the results by InstanceID but if you do not need this using FindObjectSortMode.None is considerably faster.'
Assets\UMA\Examples\DynamicCharacterSystem Examples\Assets\Resources\Scene1\MobileAddressablesSampleCode.cs(418,40): warning CS0618: 'Object.FindObjectsOfType<T>()' is obsolete: 'Object.FindObjectsOfType has been deprecated. Use Object.FindObjectsByType instead which lets you decide whether you need the results sorted or not.  FindObjectsOfType sorts the results by InstanceID but if you do not need this using FindObjectSortMode.None is considerably faster.'
Assets\UMA\Examples\DynamicCharacterSystem Examples\Assets\GUI\Scripts\Rotator.cs(9,8): warning CS0414: The field 'Rotator.rotating' is assigned but its value is never used
Assets\UMA\Core\Editor\Scripts\UMABonePoseEditor.cs(29,33): warning CS0618: 'TreeView' is obsolete: 'TreeView is now deprecated. You can likely now use TreeView<int> instead and not think more about it. But if you were using that identifier to store InstanceID data, you should instead opt to upgrade your TreeViews to use TreeView<InstanceID> to get the proper typing.'
Assets\UMA\Core\Editor\Scripts\UMABonePoseEditor.cs(111,22): warning CS0618: 'TreeViewItem' is obsolete: 'TreeViewItem is now deprecated. You can likely now use TreeViewItem<int> instead and not think more about it. But if you were using that identifier to store InstanceID data, you should instead opt to upgrade your TreeViews to use TreeViewItem<InstanceID> to get the proper typing.'
Assets\UMA\Core\Editor\Scripts\UMABonePoseEditor.cs(31,10): warning CS0618: 'TreeViewItem' is obsolete: 'TreeViewItem is now deprecated. You can likely now use TreeViewItem<int> instead and not think more about it. But if you were using that identifier to store InstanceID data, you should instead opt to upgrade your TreeViews to use TreeViewItem<InstanceID> to get the proper typing.'
Assets\UMA\Core\Editor\Scripts\UMABonePoseEditor.cs(36,23): warning CS0618: 'TreeViewState' is obsolete: 'TreeViewState is now deprecated. You can likely now use TreeViewState<int> instead and not think more about it. But if you were using that identifier to store InstanceID data, you should instead opt to upgrade your TreeViews to use TreeViewState<InstanceID> to get the proper typing.'
Assets\UMA\Core\Editor\Scripts\TreeViewWithTreeModel.cs(11,38): warning CS0618: 'TreeViewItem' is obsolete: 'TreeViewItem is now deprecated. You can likely now use TreeViewItem<int> instead and not think more about it. But if you were using that identifier to store InstanceID data, you should instead opt to upgrade your TreeViews to use TreeViewItem<InstanceID> to get the proper typing.'
Assets\UMA\Core\Editor\Scripts\TreeViewWithTreeModel.cs(21,44): warning CS0618: 'TreeView' is obsolete: 'TreeView is now deprecated. You can likely now use TreeView<int> instead and not think more about it. But if you were using that identifier to store InstanceID data, you should instead opt to upgrade your TreeViews to use TreeView<InstanceID> to get the proper typing.'
Assets\UMA\Core\Editor\Scripts\UMABonePoseEditor.cs(1157,37): warning CS0618: 'TreeViewItem' is obsolete: 'TreeViewItem is now deprecated. You can likely now use TreeViewItem<int> instead and not think more about it. But if you were using that identifier to store InstanceID data, you should instead opt to upgrade your TreeViews to use TreeViewItem<InstanceID> to get the proper typing.'
Assets\UMA\Core\Editor\Scripts\UMABonePoseEditor.cs(1172,33): warning CS0618: 'TreeViewItem' is obsolete: 'TreeViewItem is now deprecated. You can likely now use TreeViewItem<int> instead and not think more about it. But if you were using that identifier to store InstanceID data, you should instead opt to upgrade your TreeViews to use TreeViewItem<InstanceID> to get the proper typing.'
Assets\UMA\Core\Editor\Scripts\TreeViewWithTreeModel.cs(57,22): warning CS0618: 'TreeViewItem' is obsolete: 'TreeViewItem is now deprecated. You can likely now use TreeViewItem<int> instead and not think more about it. But if you were using that identifier to store InstanceID data, you should instead opt to upgrade your TreeViews to use TreeViewItem<InstanceID> to get the proper typing.'
Assets\UMA\Core\Editor\Scripts\UMABonePoseEditor.cs(1183,42): warning CS0618: 'TreeViewItem' is obsolete: 'TreeViewItem is now deprecated. You can likely now use TreeViewItem<int> instead and not think more about it. But if you were using that identifier to store InstanceID data, you should instead opt to upgrade your TreeViews to use TreeViewItem<InstanceID> to get the proper typing.'
Assets\UMA\Core\Editor\Scripts\TreeViewWithTreeModel.cs(63,53): warning CS0618: 'TreeViewItem' is obsolete: 'TreeViewItem is now deprecated. You can likely now use TreeViewItem<int> instead and not think more about it. But if you were using that identifier to store InstanceID data, you should instead opt to upgrade your TreeViews to use TreeViewItem<InstanceID> to get the proper typing.'
Assets\UMA\Core\Editor\Scripts\TreeViewWithTreeModel.cs(63,28): warning CS0618: 'TreeViewItem' is obsolete: 'TreeViewItem is now deprecated. You can likely now use TreeViewItem<int> instead and not think more about it. But if you were using that identifier to store InstanceID data, you should instead opt to upgrade your TreeViews to use TreeViewItem<InstanceID> to get the proper typing.'
Assets\UMA\Core\Editor\Scripts\UMABonePoseEditor.cs(138,3): warning CS0618: 'TreeViewState' is obsolete: 'TreeViewState is now deprecated. You can likely now use TreeViewState<int> instead and not think more about it. But if you were using that identifier to store InstanceID data, you should instead opt to upgrade your TreeViews to use TreeViewState<InstanceID> to get the proper typing.'
Assets\UMA\Core\Editor\Scripts\TreeViewWithTreeModel.cs(90,57): warning CS0618: 'TreeViewItem' is obsolete: 'TreeViewItem is now deprecated. You can likely now use TreeViewItem<int> instead and not think more about it. But if you were using that identifier to store InstanceID data, you should instead opt to upgrade your TreeViews to use TreeViewItem<InstanceID> to get the proper typing.'
Assets\UMA\Core\Editor\Scripts\TreeViewWithTreeModel.cs(111,53): warning CS0618: 'TreeViewItem' is obsolete: 'TreeViewItem is now deprecated. You can likely now use TreeViewItem<int> instead and not think more about it. But if you were using that identifier to store InstanceID data, you should instead opt to upgrade your TreeViews to use TreeViewItem<InstanceID> to get the proper typing.'
Assets\UMA\Core\Editor\Scripts\TreeViewWithTreeModel.cs(146,49): warning CS0618: 'TreeViewItem' is obsolete: 'TreeViewItem is now deprecated. You can likely now use TreeViewItem<int> instead and not think more about it. But if you were using that identifier to store InstanceID data, you should instead opt to upgrade your TreeViews to use TreeViewItem<InstanceID> to get the proper typing.'
Assets\UMA\Core\Editor\Scripts\UMAAssetTreeView.cs(62,33): warning CS0618: 'TreeViewItem' is obsolete: 'TreeViewItem is now deprecated. You can likely now use TreeViewItem<int> instead and not think more about it. But if you were using that identifier to store InstanceID data, you should instead opt to upgrade your TreeViews to use TreeViewItem<InstanceID> to get the proper typing.'
Assets\UMA\Core\Editor\Scripts\UMAAssetTreeView.cs(62,58): warning CS0618: 'TreeViewItem' is obsolete: 'TreeViewItem is now deprecated. You can likely now use TreeViewItem<int> instead and not think more about it. But if you were using that identifier to store InstanceID data, you should instead opt to upgrade your TreeViews to use TreeViewItem<InstanceID> to get the proper typing.'
Assets\UMA\Core\Editor\Scripts\UMAAssetTreeView.cs(105,52): warning CS0618: 'TreeViewItem' is obsolete: 'TreeViewItem is now deprecated. You can likely now use TreeViewItem<int> instead and not think more about it. But if you were using that identifier to store InstanceID data, you should instead opt to upgrade your TreeViews to use TreeViewItem<InstanceID> to get the proper typing.'
Assets\UMA\Core\Editor\Scripts\UMAAssetTreeView.cs(105,28): warning CS0618: 'TreeViewItem' is obsolete: 'TreeViewItem is now deprecated. You can likely now use TreeViewItem<int> instead and not think more about it. But if you were using that identifier to store InstanceID data, you should instead opt to upgrade your TreeViews to use TreeViewItem<InstanceID> to get the proper typing.'
Assets\UMA\Core\Editor\Scripts\UMAAssetTreeView.cs(119,21): warning CS0618: 'TreeViewItem' is obsolete: 'TreeViewItem is now deprecated. You can likely now use TreeViewItem<int> instead and not think more about it. But if you were using that identifier to store InstanceID data, you should instead opt to upgrade your TreeViews to use TreeViewItem<InstanceID> to get the proper typing.'
Assets\UMA\Core\Editor\Scripts\UMAAssetTreeView.cs(119,46): warning CS0618: 'TreeViewItem' is obsolete: 'TreeViewItem is now deprecated. You can likely now use TreeViewItem<int> instead and not think more about it. But if you were using that identifier to store InstanceID data, you should instead opt to upgrade your TreeViews to use TreeViewItem<InstanceID> to get the proper typing.'
Assets\UMA\Core\Editor\Scripts\UMAAssetTreeView.cs(620,42): warning CS0618: 'TreeViewItem' is obsolete: 'TreeViewItem is now deprecated. You can likely now use TreeViewItem<int> instead and not think more about it. But if you were using that identifier to store InstanceID data, you should instead opt to upgrade your TreeViews to use TreeViewItem<InstanceID> to get the proper typing.'
Assets\UMA\Core\Editor\Scripts\TreeViewWithTreeModel.cs(24,17): warning CS0618: 'TreeViewItem' is obsolete: 'TreeViewItem is now deprecated. You can likely now use TreeViewItem<int> instead and not think more about it. But if you were using that identifier to store InstanceID data, you should instead opt to upgrade your TreeViews to use TreeViewItem<InstanceID> to get the proper typing.'
Assets\UMA\Core\Editor\Scripts\TreeViewWithTreeModel.cs(30,33): warning CS0618: 'TreeViewState' is obsolete: 'TreeViewState is now deprecated. You can likely now use TreeViewState<int> instead and not think more about it. But if you were using that identifier to store InstanceID data, you should instead opt to upgrade your TreeViews to use TreeViewState<InstanceID> to get the proper typing.'
Assets\UMA\Core\Editor\Scripts\UMAAssetTreeView.cs(185,53): warning CS0618: 'TreeViewState' is obsolete: 'TreeViewState is now deprecated. You can likely now use TreeViewState<int> instead and not think more about it. But if you were using that identifier to store InstanceID data, you should instead opt to upgrade your TreeViews to use TreeViewState<InstanceID> to get the proper typing.'
Assets\UMA\Core\Editor\Scripts\TreeViewWithTreeModel.cs(35,33): warning CS0618: 'TreeViewState' is obsolete: 'TreeViewState is now deprecated. You can likely now use TreeViewState<int> instead and not think more about it. But if you were using that identifier to store InstanceID data, you should instead opt to upgrade your TreeViews to use TreeViewState<InstanceID> to get the proper typing.'
Assets\UMA\Core\Editor\Scripts\AssetIndexerWindow.cs(18,26): warning CS0618: 'TreeViewState' is obsolete: 'TreeViewState is now deprecated. You can likely now use TreeViewState<int> instead and not think more about it. But if you were using that identifier to store InstanceID data, you should instead opt to upgrade your TreeViews to use TreeViewState<InstanceID> to get the proper typing.'
Assets\UMA\Core\Editor\Scripts\UMAAssetTreeView.cs(81,19): warning CS0618: 'TreeViewItem' is obsolete: 'TreeViewItem is now deprecated. You can likely now use TreeViewItem<int> instead and not think more about it. But if you were using that identifier to store InstanceID data, you should instead opt to upgrade your TreeViews to use TreeViewItem<InstanceID> to get the proper typing.'
Assets\UMA\Core\Editor\Scripts\UMAAssetTreeView.cs(81,51): warning CS0618: 'TreeViewItem' is obsolete: 'TreeViewItem is now deprecated. You can likely now use TreeViewItem<int> instead and not think more about it. But if you were using that identifier to store InstanceID data, you should instead opt to upgrade your TreeViews to use TreeViewItem<InstanceID> to get the proper typing.'
Assets\UMA\Core\Editor\Scripts\UMAAssetTreeView.cs(89,5): warning CS0618: 'TreeViewItem' is obsolete: 'TreeViewItem is now deprecated. You can likely now use TreeViewItem<int> instead and not think more about it. But if you were using that identifier to store InstanceID data, you should instead opt to upgrade your TreeViews to use TreeViewItem<InstanceID> to get the proper typing.'
Assets\UMA\Core\Editor\Scripts\UMAAssetTreeView.cs(163,42): warning CS0618: 'TreeViewItem' is obsolete: 'TreeViewItem is now deprecated. You can likely now use TreeViewItem<int> instead and not think more about it. But if you were using that identifier to store InstanceID data, you should instead opt to upgrade your TreeViews to use TreeViewItem<InstanceID> to get the proper typing.'
Assets\UMA\Core\Editor\Scenes\OverlayViewerEditor.cs(359,20): warning CS0618: 'AssetDatabase.GetAssetPath(int)' is obsolete: 'Please use GetAssetPath(EntityId) with the EntityId parameter type instead.'
Assets\UMA\Core\Editor\Decals\DecalEditor.cs(757,17): warning CS0618: 'Physics.BakeMesh(int, bool)' is obsolete: 'BakeMesh(int, bool) is obsolete. Use BakeMesh(EntityId, bool) instead.'
Assets\UMA\Core\Editor\Extensions\DynamicCharacterSystem\UMARandomizerEditor.cs(155,21): warning CS0618: 'AssetDatabase.GetAssetPath(int)' is obsolete: 'Please use GetAssetPath(EntityId) with the EntityId parameter type instead.'
Assets\UMA\Core\Editor\Scripts\AssetIndexerWindow.cs(439,46): warning CS0618: 'PlayerSettings.GetScriptingDefineSymbolsForGroup(BuildTargetGroup)' is obsolete: 'Use GetScriptingDefineSymbols(NamedBuildTarget buildTarget) instead'
Assets\UMA\Core\Editor\Scripts\AssetIndexerWindow.cs(441,6): warning CS0618: 'PlayerSettings.SetScriptingDefineSymbolsForGroup(BuildTargetGroup, string)' is obsolete: 'Use SetScriptingDefineSymbols(NamedBuildTarget buildTarget, string defines) instead'
Assets\UMA\Core\Editor\Scripts\TreeViewWithTreeModel.cs(24,49): warning CS0618: 'TreeViewItem' is obsolete: 'TreeViewItem is now deprecated. You can likely now use TreeViewItem<int> instead and not think more about it. But if you were using that identifier to store InstanceID data, you should instead opt to upgrade your TreeViews to use TreeViewItem<InstanceID> to get the proper typing.'
Assets\UMA\Core\Editor\Extensions\DynamicCharacterSystem\UMARandomizerEditor.cs(303,19): warning CS0618: 'AssetDatabase.GetAssetPath(int)' is obsolete: 'Please use GetAssetPath(EntityId) with the EntityId parameter type instead.'
Assets\UMA\Core\Editor\Scripts\ImportProcessor.cs(91,53): warning CS0618: 'PlayerSettings.GetScriptingDefineSymbolsForGroup(BuildTargetGroup)' is obsolete: 'Use GetScriptingDefineSymbols(NamedBuildTarget buildTarget) instead'
Assets\UMA\Core\Editor\Scripts\ImportProcessor.cs(95,17): warning CS0618: 'PlayerSettings.SetScriptingDefineSymbolsForGroup(BuildTargetGroup, string)' is obsolete: 'Use SetScriptingDefineSymbols(NamedBuildTarget buildTarget, string defines) instead'
Assets\UMA\Core\Editor\Extensions\DynamicCharacterSystem\UMARandomizerEditor.cs(380,19): warning CS0618: 'AssetDatabase.GetAssetPath(int)' is obsolete: 'Please use GetAssetPath(EntityId) with the EntityId parameter type instead.'
Assets\UMA\Core\Editor\Scripts\InspectorUtlity.cs(38,4): warning CS0618: 'Selection.instanceIDs' is obsolete: 'Use entityIds instead.'
Assets\UMA\Core\Editor\Scripts\AssetIndexerWindow.cs(1157,35): warning CS0618: 'AssetDatabase.GetAssetPath(int)' is obsolete: 'Please use GetAssetPath(EntityId) with the EntityId parameter type instead.'
Assets\UMA\Core\Editor\Scripts\AssetIndexerWindow.cs(1194,35): warning CS0618: 'AssetDatabase.GetAssetPath(int)' is obsolete: 'Please use GetAssetPath(EntityId) with the EntityId parameter type instead.'
Assets\UMA\Core\Editor\Scripts\AssetIndexerWindow.cs(1358,35): warning CS0618: 'AssetDatabase.GetAssetPath(int)' is obsolete: 'Please use GetAssetPath(EntityId) with the EntityId parameter type instead.'
Assets\UMA\Core\Editor\Scripts\AssetIndexerWindow.cs(1380,35): warning CS0618: 'AssetDatabase.GetAssetPath(int)' is obsolete: 'Please use GetAssetPath(EntityId) with the EntityId parameter type instead.'
Assets\UMA\Core\Editor\Scripts\CharacterBaseEditor.cs(2032,43): warning CS0618: 'AssetDatabase.GetAssetPath(int)' is obsolete: 'Please use GetAssetPath(EntityId) with the EntityId parameter type instead.'
Assets\UMA\Core\Editor\Scripts\AssetIndexerWindow.cs(1403,35): warning CS0618: 'AssetDatabase.GetAssetPath(int)' is obsolete: 'Please use GetAssetPath(EntityId) with the EntityId parameter type instead.'
Assets\UMA\Core\Editor\Scripts\AssetIndexerWindow.cs(1425,35): warning CS0618: 'AssetDatabase.GetAssetPath(int)' is obsolete: 'Please use GetAssetPath(EntityId) with the EntityId parameter type instead.'
Assets\UMA\Core\Editor\Scripts\UmaSlotBuilderWindow.cs(248,25): warning CS0618: 'AssetDatabase.GetAssetPath(int)' is obsolete: 'Please use GetAssetPath(EntityId) with the EntityId parameter type instead.'
Assets\UMA\Core\Editor\Scripts\UMABonePoseEditor.cs(72,5): warning CS0618: 'TreeViewItem' is obsolete: 'TreeViewItem is now deprecated. You can likely now use TreeViewItem<int> instead and not think more about it. But if you were using that identifier to store InstanceID data, you should instead opt to upgrade your TreeViews to use TreeViewItem<InstanceID> to get the proper typing.'
Assets\UMA\Core\Editor\Scripts\UMABonePoseEditor.cs(83,19): warning CS0618: 'TreeViewItem' is obsolete: 'TreeViewItem is now deprecated. You can likely now use TreeViewItem<int> instead and not think more about it. But if you were using that identifier to store InstanceID data, you should instead opt to upgrade your TreeViews to use TreeViewItem<InstanceID> to get the proper typing.'
Assets\UMA\Core\Editor\Scripts\UMABonePoseEditor.cs(115,20): warning CS0618: 'TreeViewItem' is obsolete: 'TreeViewItem is now deprecated. You can likely now use TreeViewItem<int> instead and not think more about it. But if you were using that identifier to store InstanceID data, you should instead opt to upgrade your TreeViews to use TreeViewItem<InstanceID> to get the proper typing.'
Assets\UMA\Core\Editor\Scripts\UMABonePoseEditor.cs(238,33): warning CS0618: 'TreeViewState' is obsolete: 'TreeViewState is now deprecated. You can likely now use TreeViewState<int> instead and not think more about it. But if you were using that identifier to store InstanceID data, you should instead opt to upgrade your TreeViews to use TreeViewState<InstanceID> to get the proper typing.'
Assets\UMA\Core\Editor\Scripts\UMAEditorUtilities.cs(329,27): warning CS0618: 'PlayerSettings.GetScriptingDefineSymbolsForGroup(BuildTargetGroup)' is obsolete: 'Use GetScriptingDefineSymbols(NamedBuildTarget buildTarget) instead'
Assets\UMA\Core\Editor\Scripts\UMAEditorUtilities.cs(342,13): warning CS0618: 'PlayerSettings.SetScriptingDefineSymbolsForGroup(BuildTargetGroup, string)' is obsolete: 'Use SetScriptingDefineSymbols(NamedBuildTarget buildTarget, string defines) instead'
Assets\UMA\Core\Editor\Scripts\UMAEditorUtilities.cs(412,23): warning CS0618: 'AssetDatabase.GetAssetPath(int)' is obsolete: 'Please use GetAssetPath(EntityId) with the EntityId parameter type instead.'
Assets\UMA\Core\Editor\Scripts\UmaSlotBuilderWindow.cs(509,27): warning CS0618: 'AssetDatabase.GetAssetPath(int)' is obsolete: 'Please use GetAssetPath(EntityId) with the EntityId parameter type instead.'
Assets\UMA\Core\Editor\Scripts\UMABonePoseEditor.cs(815,20): warning CS0618: 'Object.FindObjectOfType<T>()' is obsolete: 'Object.FindObjectOfType has been deprecated. Use Object.FindFirstObjectByType instead or if finding any instance is acceptable the faster Object.FindAnyObjectByType'
Assets\UMA\Core\Editor\Scripts\UMABonePoseEditor.cs(1135,52): warning CS0618: 'TreeViewItem' is obsolete: 'TreeViewItem is now deprecated. You can likely now use TreeViewItem<int> instead and not think more about it. But if you were using that identifier to store InstanceID data, you should instead opt to upgrade your TreeViews to use TreeViewItem<InstanceID> to get the proper typing.'
Assets\UMA\Core\Editor\Scripts\UMABonePoseEditor.cs(1164,15): warning CS0618: 'TreeViewItem' is obsolete: 'TreeViewItem is now deprecated. You can likely now use TreeViewItem<int> instead and not think more about it. But if you were using that identifier to store InstanceID data, you should instead opt to upgrade your TreeViews to use TreeViewItem<InstanceID> to get the proper typing.'
Assets\UMA\Core\Editor\Scripts\UMABonePoseEditor.cs(1175,4): warning CS0618: 'TreeViewItem' is obsolete: 'TreeViewItem is now deprecated. You can likely now use TreeViewItem<int> instead and not think more about it. But if you were using that identifier to store InstanceID data, you should instead opt to upgrade your TreeViews to use TreeViewItem<InstanceID> to get the proper typing.'
Assets\UMA\Core\Editor\Scripts\UMABonePoseEditor.cs(1175,28): warning CS0618: 'TreeViewItem' is obsolete: 'TreeViewItem is now deprecated. You can likely now use TreeViewItem<int> instead and not think more about it. But if you were using that identifier to store InstanceID data, you should instead opt to upgrade your TreeViews to use TreeViewItem<InstanceID> to get the proper typing.'
Assets\UMA\Core\Editor\Scripts\UMABonePoseEditor.cs(1188,5): warning CS0618: 'TreeViewItem' is obsolete: 'TreeViewItem is now deprecated. You can likely now use TreeViewItem<int> instead and not think more about it. But if you were using that identifier to store InstanceID data, you should instead opt to upgrade your TreeViews to use TreeViewItem<InstanceID> to get the proper typing.'
Assets\UMA\Core\Editor\Scripts\UMABonePoseEditor.cs(1188,29): warning CS0618: 'TreeViewItem' is obsolete: 'TreeViewItem is now deprecated. You can likely now use TreeViewItem<int> instead and not think more about it. But if you were using that identifier to store InstanceID data, you should instead opt to upgrade your TreeViews to use TreeViewItem<InstanceID> to get the proper typing.'
Assets\UMA\Core\Editor\Scripts\AssetIndexerWindow.cs(2001,43): warning CS0618: 'TreeViewState' is obsolete: 'TreeViewState is now deprecated. You can likely now use TreeViewState<int> instead and not think more about it. But if you were using that identifier to store InstanceID data, you should instead opt to upgrade your TreeViews to use TreeViewState<InstanceID> to get the proper typing.'
Assets\UMA\Core\Editor\Scripts\RaceInspector.cs(57,19): warning CS0618: 'AssetDatabase.GetAssetPath(int)' is obsolete: 'Please use GetAssetPath(EntityId) with the EntityId parameter type instead.'
Assets\UMA\Core\Editor\Scripts\SlotDataAssetInspector.cs(67,18): warning CS0618: 'AssetDatabase.GetAssetPath(int)' is obsolete: 'Please use GetAssetPath(EntityId) with the EntityId parameter type instead.'
Assets\UMA\Core\Editor\Scripts\UMAAvatarLoadSaveMenuItems.cs(91,26): warning CS0618: 'ShaderUtil.GetPropertyCount(Shader)' is obsolete: 'Use Shader.GetPropertyCount instead.'
Assets\UMA\Core\Editor\Scripts\UMAAvatarLoadSaveMenuItems.cs(93,11): warning CS0618: 'ShaderUtil.GetPropertyType(Shader, int)' is obsolete: 'Use Shader.GetPropertyType instead.'
Assets\UMA\Core\Editor\Scripts\UMAAvatarLoadSaveMenuItems.cs(93,52): warning CS0618: 'ShaderUtil.ShaderPropertyType' is obsolete: 'Use UnityEngine.Rendering.ShaderPropertyType instead.'
Assets\UMA\Core\Editor\Scripts\UMAAvatarLoadSaveMenuItems.cs(93,52): warning CS0618: 'ShaderUtil.ShaderPropertyType.TexEnv' is obsolete: 'Use UnityEngine.Rendering.ShaderPropertyType.Texture instead.'
Assets\UMA\Core\Editor\Scripts\UMAAvatarLoadSaveMenuItems.cs(95,30): warning CS0618: 'ShaderUtil.GetPropertyName(Shader, int)' is obsolete: 'Use Shader.GetPropertyName instead.'
Assets\UMA\Core\Editor\Scripts\UMAAvatarLoadSaveMenuItems.cs(99,23): warning CS0618: 'AssetDatabase.GetAssetPath(int)' is obsolete: 'Please use GetAssetPath(EntityId) with the EntityId parameter type instead.'
Assets\UMA\Core\Editor\Scripts\WelcomeToUMA.cs(582,41): warning CS0618: 'Object.FindObjectsOfType<T>(bool)' is obsolete: 'Object.FindObjectsOfType has been deprecated. Use Object.FindObjectsByType instead which lets you decide whether you need the results sorted or not.  FindObjectsOfType sorts the results by InstanceID but if you do not need this using FindObjectSortMode.None is considerably faster.'
Assets\UMA\Core\Editor\Scripts\SlotDataAssetInspector.cs(273,20): warning CS0618: 'AssetDatabase.GetAssetPath(int)' is obsolete: 'Please use GetAssetPath(EntityId) with the EntityId parameter type instead.'
Assets\UMA\Core\Editor\Scripts\SlotDataAssetInspector.cs(623,19): warning CS0618: 'AssetDatabase.GetAssetPath(int)' is obsolete: 'Please use GetAssetPath(EntityId) with the EntityId parameter type instead.'
Assets\UMA\Core\Editor\Extensions\DynamicCharacterSystem\pWardrobeRecipeEditor.cs(1026,20): warning CS0618: 'AssetDatabase.GetAssetPath(int)' is obsolete: 'Please use GetAssetPath(EntityId) with the EntityId parameter type instead.'
Assets\UMA\Core\Editor\Extensions\DynamicCharacterSystem\pWardrobeRecipeEditor.cs(1119,20): warning CS0618: 'AssetDatabase.GetAssetPath(int)' is obsolete: 'Please use GetAssetPath(EntityId) with the EntityId parameter type instead.'
Assets\UMA\Core\Editor\Extensions\DynamicCharacterSystem\pWardrobeRecipeEditor.cs(1126,20): warning CS0618: 'AssetDatabase.GetAssetPath(int)' is obsolete: 'Please use GetAssetPath(EntityId) with the EntityId parameter type instead.'
Assets\UMA\Core\Editor\Scripts\UMAMaterialInspector.cs(416,25): warning CS0618: 'ShaderUtil.GetPropertyCount(Shader)' is obsolete: 'Use Shader.GetPropertyCount instead.'
Assets\UMA\Core\Editor\Scripts\UMAMaterialInspector.cs(426,21): warning CS0618: 'ShaderUtil.GetPropertyType(Shader, int)' is obsolete: 'Use Shader.GetPropertyType instead.'
Assets\UMA\Core\Editor\Scripts\UMAMaterialInspector.cs(426,62): warning CS0618: 'ShaderUtil.ShaderPropertyType' is obsolete: 'Use UnityEngine.Rendering.ShaderPropertyType instead.'
Assets\UMA\Core\Editor\Scripts\UMAMaterialInspector.cs(426,62): warning CS0618: 'ShaderUtil.ShaderPropertyType.TexEnv' is obsolete: 'Use UnityEngine.Rendering.ShaderPropertyType.Texture instead.'
Assets\UMA\Core\Editor\Scripts\UMAMaterialInspector.cs(428,39): warning CS0618: 'ShaderUtil.GetPropertyName(Shader, int)' is obsolete: 'Use Shader.GetPropertyName instead.'
Assets\UMA\Core\Editor\Extensions\DynamicCharacterSystem\pWardrobeRecipeEditor.cs(1379,31): warning CS0618: 'AssetDatabase.GetAssetPath(int)' is obsolete: 'Please use GetAssetPath(EntityId) with the EntityId parameter type instead.'
Assets\UMA\Core\Editor\Extensions\DynamicCharacterSystem\pWardrobeRecipeEditor.cs(1403,31): warning CS0618: 'AssetDatabase.GetAssetPath(int)' is obsolete: 'Please use GetAssetPath(EntityId) with the EntityId parameter type instead.'
Assets\UMA\Core\Editor\Scripts\SlotDataAssetInspector.cs(807,18): warning CS0618: 'AssetDatabase.GetAssetPath(int)' is obsolete: 'Please use GetAssetPath(EntityId) with the EntityId parameter type instead.'
Assets\UMA\Core\Editor\Scripts\WelcomeToUMA.cs(1402,41): warning CS0618: 'Object.FindObjectsOfType<T>()' is obsolete: 'Object.FindObjectsOfType has been deprecated. Use Object.FindObjectsByType instead which lets you decide whether you need the results sorted or not.  FindObjectsOfType sorts the results by InstanceID but if you do not need this using FindObjectSortMode.None is considerably faster.'
Assets\UMA\Core\Editor\Scripts\WelcomeToUMA.cs(1418,41): warning CS0618: 'Object.FindObjectsOfType<T>()' is obsolete: 'Object.FindObjectsOfType has been deprecated. Use Object.FindObjectsByType instead which lets you decide whether you need the results sorted or not.  FindObjectsOfType sorts the results by InstanceID but if you do not need this using FindObjectSortMode.None is considerably faster.'
Assets\UMA\Core\Editor\Scripts\WelcomeToUMA.cs(1428,41): warning CS0618: 'Object.FindObjectsOfType<T>()' is obsolete: 'Object.FindObjectsOfType has been deprecated. Use Object.FindObjectsByType instead which lets you decide whether you need the results sorted or not.  FindObjectsOfType sorts the results by InstanceID but if you do not need this using FindObjectSortMode.None is considerably faster.'
Assets\UMA\Core\Editor\Scripts\WelcomeToUMA.cs(1438,41): warning CS0618: 'Object.FindObjectsOfType<T>()' is obsolete: 'Object.FindObjectsOfType has been deprecated. Use Object.FindObjectsByType instead which lets you decide whether you need the results sorted or not.  FindObjectsOfType sorts the results by InstanceID but if you do not need this using FindObjectSortMode.None is considerably faster.'
Assets\UMA\Core\Editor\Scripts\WelcomeToUMA.cs(1461,45): warning CS0618: 'Object.FindObjectsOfType<T>()' is obsolete: 'Object.FindObjectsOfType has been deprecated. Use Object.FindObjectsByType instead which lets you decide whether you need the results sorted or not.  FindObjectsOfType sorts the results by InstanceID but if you do not need this using FindObjectSortMode.None is considerably faster.'
Assets\UMA\Core\Editor\Scripts\WelcomeToUMA.cs(1489,41): warning CS0618: 'Object.FindObjectsOfType<T>(bool)' is obsolete: 'Object.FindObjectsOfType has been deprecated. Use Object.FindObjectsByType instead which lets you decide whether you need the results sorted or not.  FindObjectsOfType sorts the results by InstanceID but if you do not need this using FindObjectSortMode.None is considerably faster.'
Assets\Editor\AshProtocolBatch.cs(125,48): error CS0103: The name 'NamedBuildTarget' does not exist in the current context
Assets\Editor\AshProtocolBatch.cs(128,48): error CS0103: The name 'NamedBuildTarget' does not exist in the current context
AssetDatabase: script compilation time: 92.381270s
Scripts have compiler errors.
Exiting without the bug reporter. Application will terminate with return code 1